"sample_size","density_error","weight_error","success"
10,3.20199875420875,0.88341446316673,TRUE
10,3.2307697478364,0.98100338665274,TRUE
10,2.85638130900698,0.80903436623267,TRUE
10,3.01299739669466,0.917979066236895,TRUE
10,3.04339944528937,0.905763199065978,TRUE
10,3.39961374637477,0.908614630270039,TRUE
10,2.99881460246675,0.843979618012108,TRUE
10,3.48263656576391,0.753679949435776,TRUE
10,3.11906132898089,0.89525407020445,TRUE
10,4.26445777217641,0.883702080150912,TRUE
10,3.10465417679168,0.793202978867194,TRUE
10,2.95955206368421,0.920558571302464,TRUE
10,3.14810178344405,0.755981906721411,TRUE
10,3.46020197902754,0.879713170392118,TRUE
10,3.6805335947261,0.832039978818338,TRUE
10,3.15046425564539,0.962092455381721,TRUE
10,3.22058853483378,0.80855338243136,TRUE
10,2.71267529194835,0.919353284742228,TRUE
10,3.17658697043078,0.886884379303645,TRUE
10,2.50461474398775,0.75523300987755,TRUE
10,3.27736499242139,0.878568452797597,TRUE
10,3.33375671262107,0.904145001958021,TRUE
10,3.16726167603175,0.883078966938142,TRUE
10,3.07174806008835,0.891798035982626,TRUE
10,3.53312487917357,0.829619738738997,TRUE
10,2.97122762035227,0.89633114376013,TRUE
10,2.77463065118234,0.890653080093033,TRUE
10,3.66306103770063,0.898857708993345,TRUE
10,3.10138063154022,0.935097328450637,TRUE
10,3.01670755355707,0.917795778559315,TRUE
10,2.79659468251061,0.798964782164639,TRUE
10,3.0648885062771,0.860907630028072,TRUE
10,2.96969461372588,0.880985033455529,TRUE
10,3.23513701481486,0.873121210923118,TRUE
10,2.64694022255081,0.898142806349864,TRUE
10,3.00426438972454,0.901660041496042,TRUE
10,3.10023331963099,0.882338540142596,TRUE
10,3.13467009423076,0.853071276322637,TRUE
10,3.43130503584556,0.921237668623417,TRUE
10,2.83079230783617,0.869031557236234,TRUE
10,3.43683847670426,0.805211301498187,TRUE
10,3.08618470687682,0.851722565703047,TRUE
10,2.99100447451499,0.875233455479278,TRUE
10,2.84211536112188,0.834226305705005,TRUE
10,3.30450031259347,0.874672555838924,TRUE
10,2.94916368079334,0.906903001299659,TRUE
10,2.9576193082047,0.901548145849797,TRUE
10,2.85127683608189,0.889625972262872,TRUE
10,3.12979331483684,0.90740559588139,TRUE
10,2.8206547458956,0.82282810815446,TRUE
10,2.924461961396,0.904514886583637,TRUE
10,3.19410736260716,0.951736753601792,TRUE
10,3.09651016579552,0.825404345116556,TRUE
10,2.69270893108694,0.763197600346649,TRUE
10,3.02228696289075,0.916451760131789,TRUE
10,3.19149127935844,0.875405639905237,TRUE
10,3.20640652767286,0.85431809528715,TRUE
10,3.88706168766384,0.848427921178528,TRUE
10,3.87857136192817,0.919885215238203,TRUE
10,3.24787209315757,0.829091554057331,TRUE
10,3.08632926902966,0.788122905697593,TRUE
10,3.40460002222233,0.933249347161269,TRUE
10,3.08262059723906,0.934083126343333,TRUE
10,3.22622086168467,0.851436790688302,TRUE
10,3.65746094685453,0.901986922813369,TRUE
10,2.86595339311107,0.874017418826051,TRUE
10,3.63867459901643,0.825194493876098,TRUE
10,3.27659295468368,0.756683445904501,TRUE
10,3.2594330726332,0.902343977228578,TRUE
10,3.34893630167468,0.876211340599904,TRUE
10,2.98984482307126,0.791851770950764,TRUE
10,3.85342208014189,0.931575053363677,TRUE
10,3.16536784940276,0.795325242388911,TRUE
10,3.58481108693986,0.901018687506432,TRUE
10,3.26776182661048,0.881411672644382,TRUE
10,3.08292055530836,0.766890950133286,TRUE
10,3.74452128636446,0.844840389097557,TRUE
10,2.92723390954023,0.877900828071629,TRUE
10,2.7780325733024,0.908625090055973,TRUE
10,2.93453189323336,0.841478174057914,TRUE
10,4.04435207704281,0.860156683913757,TRUE
10,3.48916323675301,0.885955354713556,TRUE
10,3.28520368121222,0.909839624139681,TRUE
10,2.74373246571286,0.879144664535301,TRUE
10,2.19736371508857,0.838235161936483,TRUE
10,2.64980548884095,0.931648549947174,TRUE
10,2.64425314451886,0.880810905959226,TRUE
10,4.0126590316036,0.867580471755252,TRUE
10,4.11093426934326,0.861628429322285,TRUE
10,3.16684736405532,0.781265402483254,TRUE
10,3.83195848662603,0.794039810216463,TRUE
10,3.28275662094856,0.902522456560432,TRUE
10,3.45934970896078,0.877054247012019,TRUE
10,3.00865744487343,0.880703575029682,TRUE
10,3.40933723398959,0.878262013039075,TRUE
10,3.17915916688495,0.85350960296764,TRUE
10,3.31314829241068,0.935970335331919,TRUE
10,2.86654421232158,0.914085970982929,TRUE
10,3.22685079189596,0.870305767812447,TRUE
10,3.15265323126414,0.897768094495634,TRUE
10,3.32539698194983,0.903179187830085,TRUE
10,2.50314002106539,0.763540600399628,TRUE
10,3.46277729033213,0.839365082136095,TRUE
10,3.44176203225401,0.941593837866541,TRUE
10,3.66137929072422,0.928191075339987,TRUE
10,3.33283593393496,0.84248348335299,TRUE
10,3.34100405050299,0.872791526480516,TRUE
10,3.25048778325187,0.86839736501422,TRUE
10,3.13625122081873,0.895084124422843,TRUE
10,3.15720309050582,0.80033183029472,TRUE
10,3.35017604144134,0.933454760254721,TRUE
10,2.79683242400043,0.86949172269275,TRUE
10,3.10282296858592,0.814383070887063,TRUE
10,3.03972327117372,0.817316182739387,TRUE
10,3.43566339173103,0.872958528073101,TRUE
10,3.27638972631152,0.884328058444008,TRUE
10,2.66101415036392,0.83550520695555,TRUE
10,3.00797011277236,0.728043893030614,TRUE
10,3.3306847794837,0.839997738048992,TRUE
10,3.1540642302504,0.89225017123533,TRUE
10,3.1946072600726,0.862309875650622,TRUE
10,3.03389544838148,0.820890326276744,TRUE
10,2.73636361686735,0.865580956512849,TRUE
10,3.77533767349825,0.95607430609074,TRUE
10,3.19250473859388,0.873063656255516,TRUE
10,3.01202641514489,0.930922830807361,TRUE
10,3.16127231329178,0.886821419815197,TRUE
10,3.26650616996907,0.876039716974894,TRUE
10,2.55751497718986,0.902555345324278,TRUE
10,3.27424292084784,0.858777371076637,TRUE
10,2.87345921335017,0.870003430128809,TRUE
10,3.26960826820613,0.773658178267951,TRUE
10,3.12221698103485,0.84887137202807,TRUE
10,3.24776528523219,0.905331181220053,TRUE
10,3.34620700480355,0.74142386458594,TRUE
10,2.71207521322243,0.815210643714879,TRUE
10,3.40829251549377,0.904849745597277,TRUE
10,3.57494077271475,0.78353441505878,TRUE
10,3.08054034237591,0.874243983978658,TRUE
10,3.15599521075374,0.814954004809493,TRUE
10,2.95411079880102,0.864417091670312,TRUE
10,2.63524511161949,0.820384463161824,TRUE
10,2.99083367209076,0.927525460049661,TRUE
10,3.49193691483413,0.933976359031617,TRUE
10,3.4367446216974,0.883467221847,TRUE
10,3.91511520396622,0.834246141557007,TRUE
10,2.95725564922137,0.814849717006326,TRUE
10,3.30553001213146,0.823283275061975,TRUE
10,3.12228205813164,0.855441947257643,TRUE
10,3.24311080363979,0.912349641484727,TRUE
10,3.04588763527183,0.771893385611982,TRUE
10,2.98486354399618,0.884383101991209,TRUE
10,3.11926331245911,0.904086701440038,TRUE
10,3.03105590384266,0.860752960200885,TRUE
10,3.02856530240998,0.889347503175138,TRUE
10,3.26602768204958,0.926008482238101,TRUE
10,3.11779567511634,0.85705470334332,TRUE
10,3.51088621843506,0.876607513224892,TRUE
10,3.18591508484149,0.869268319006066,TRUE
10,2.43452770440162,0.846233641368017,TRUE
10,2.64850401787229,0.886204905792399,TRUE
10,2.64700201181922,0.896799215511144,TRUE
10,3.61057458846593,0.809949397449842,TRUE
10,3.32417669789314,0.746685467999966,TRUE
10,2.74722201257574,0.873043508198638,TRUE
10,2.88959383381439,0.861323502224711,TRUE
10,3.33043086860646,0.813700859199052,TRUE
10,3.30187618121348,0.841039814659017,TRUE
10,3.26602393916002,0.89678093414781,TRUE
10,3.59809024904455,0.860929623260912,TRUE
10,3.08430105852964,0.873096898072453,TRUE
10,2.747198593126,0.80140320097529,TRUE
10,2.85197609573918,0.823220334553207,TRUE
10,3.08185633970048,0.810080848483423,TRUE
10,3.35861130657554,0.811612008537827,TRUE
10,2.86366892050297,0.953058110456874,TRUE
10,3.80833488675007,0.846669617626289,TRUE
10,3.14495091145226,0.863709637086297,TRUE
10,2.78764612385511,0.844900535316805,TRUE
10,3.01090921243154,0.843742656837134,TRUE
10,3.91750315018353,0.893745038680041,TRUE
10,3.49230387234403,0.842029580085727,TRUE
10,3.83682913953398,0.86306563948553,TRUE
10,3.4152895365035,0.84335657876516,TRUE
10,3.05351148391995,0.9265051625526,TRUE
10,3.07826942608643,0.934412902111129,TRUE
10,3.47821194663798,0.953118237730789,TRUE
10,2.33901564544863,0.791176789180737,TRUE
10,3.40303183649139,0.912058097754126,TRUE
10,2.95351391016798,0.865797051187518,TRUE
10,3.36605278712004,0.871516348992099,TRUE
10,3.65507563781952,0.942204550508482,TRUE
10,3.97843096748699,0.886391150445559,TRUE
10,2.80028705149197,0.879779516262512,TRUE
10,3.16148241228942,0.837010180332351,TRUE
10,3.31627827927345,0.869819067339118,TRUE
10,3.28528862971358,0.927176698332795,TRUE
10,3.93133402296541,0.929533423983522,TRUE
10,3.39320606767048,0.880052646360309,TRUE
10,3.35302645244322,0.907900203655201,TRUE
20,1.80734535116703,0.811694618839673,TRUE
20,1.61713123349723,0.841212330311166,TRUE
20,1.76726839574868,0.841725951767015,TRUE
20,2.13808674271103,0.867724152187734,TRUE
20,1.84041201852049,0.841376772801098,TRUE
20,1.85164057378834,0.701990028814195,TRUE
20,2.07754272316953,0.830155357192139,TRUE
20,1.81777030065848,0.84876581412198,TRUE
20,1.88158188652511,0.797527553718561,TRUE
20,1.62660183066196,0.864191972436691,TRUE
20,1.7136839119913,0.798302595154506,TRUE
20,1.79291370004948,0.828525564595283,TRUE
20,2.10662727654758,0.816853885651768,TRUE
20,1.872228488255,0.887997270436485,TRUE
20,2.11506987413825,0.834490095394329,TRUE
20,1.41850363994252,0.866267222377709,TRUE
20,2.25155774935575,0.818298424736952,TRUE
20,1.85995263535168,0.866111353855149,TRUE
20,1.81415678619716,0.78938026423355,TRUE
20,1.89941253747611,0.853613265122478,TRUE
20,1.99158830852119,0.844888927997566,TRUE
20,1.73986676222927,0.894806607294198,TRUE
20,1.75478385619203,0.794088030012367,TRUE
20,1.88376000116695,0.916407487788526,TRUE
20,1.6354808795503,0.926080308593577,TRUE
20,1.87793524370162,0.847236730336996,TRUE
20,1.86553075723247,0.907251690351068,TRUE
20,1.65379680741425,0.897145474072173,TRUE
20,1.52250208300392,0.806668951436475,TRUE
20,2.16216113036118,0.87279468774013,TRUE
20,2.16893209641235,0.936878408643035,TRUE
20,2.22703463395482,0.89087947940654,TRUE
20,2.00433052750074,0.908633642291507,TRUE
20,1.88216320196663,0.872448527298966,TRUE
20,1.81240202376904,0.88721615813256,TRUE
20,1.60247651171571,0.894866694494994,TRUE
20,1.95959674929443,0.828599371193165,TRUE
20,1.85191238752076,0.898440678136495,TRUE
20,1.77332158465687,0.86054466058632,TRUE
20,1.96438453023148,0.840359914250685,TRUE
20,2.00046695628931,0.839770478365263,TRUE
20,1.74694718750139,0.794306036708432,TRUE
20,2.08438369490926,0.733320551359671,TRUE
20,1.96524852095499,0.809106933706091,TRUE
20,1.89534014155268,0.685919869967978,TRUE
20,1.8323420335043,0.827483196914908,TRUE
20,2.08385238812292,0.849031507296554,TRUE
20,2.00780973364914,0.864558226236281,TRUE
20,1.89339740618092,0.878020780947209,TRUE
20,1.71071450667868,0.80641174979611,TRUE
20,2.04542417812178,0.76815684323002,TRUE
20,2.00552759008699,0.838458299586749,TRUE
20,1.79426341886604,0.825333270790786,TRUE
20,1.82736241096609,0.880761651646265,TRUE
20,1.87623604210619,0.784160934874323,TRUE
20,1.66054722786338,0.836930402792914,TRUE
20,1.95412373222359,0.827674932673916,TRUE
20,1.95412850811924,0.748133447682417,TRUE
20,1.54175626136168,0.909558176961953,TRUE
20,2.07990787060851,0.834109793785156,TRUE
20,1.77041408132418,0.889994172704557,TRUE
20,1.76999664648223,0.874856652602679,TRUE
20,1.71994722909595,0.792841782299174,TRUE
20,1.78402278444412,0.731483466066845,TRUE
20,1.53766570062224,0.769342336688677,TRUE
20,1.76673647444647,0.868029564563887,TRUE
20,1.82028670493022,0.781759084833757,TRUE
20,1.79390100851943,0.818346650132081,TRUE
20,1.59857454886509,0.825782239621611,TRUE
20,1.88000589892354,0.729105261522975,TRUE
20,1.55217003754663,0.961243741963507,TRUE
20,1.96479987340395,0.93035587761212,TRUE
20,1.62311705914956,0.740903902222249,TRUE
20,1.81943148641853,0.774079007786255,TRUE
20,1.68817477101131,0.954188421992029,TRUE
20,1.79419643409696,0.839471011906635,TRUE
20,1.91565446027667,0.790235440998948,TRUE
20,1.79039139286694,0.818665721656737,TRUE
20,1.55693075110368,0.874775295781075,TRUE
20,1.67843399964612,0.80003115315146,TRUE
20,1.85498351607492,0.814262044787843,TRUE
20,1.67732665222836,0.813694524090491,TRUE
20,1.83688442650984,0.782228467597782,TRUE
20,2.13898336596092,0.898480314490295,TRUE
20,1.54944987033084,0.821480372478455,TRUE
20,1.65799136230353,0.821872288130506,TRUE
20,1.78005862964364,0.937551134645375,TRUE
20,1.59451268269915,0.8665672874532,TRUE
20,2.07692418159112,0.827870290857192,TRUE
20,1.50414641156326,0.941531574053567,TRUE
20,1.63478030156737,0.94372704656166,TRUE
20,1.95122005922359,0.843037903342635,TRUE
20,1.92234536342083,0.823355148160731,TRUE
20,1.78350076897931,0.785957370218529,TRUE
20,1.87829092881804,0.773197767410497,TRUE
20,1.94657704980619,0.891722369442744,TRUE
20,1.63955957688247,0.860127419641937,TRUE
20,1.5963198612696,0.847652960462733,TRUE
20,1.81563244271187,0.850840692660938,TRUE
20,1.73448086127183,0.942198662885894,TRUE
20,1.63936095049526,0.795535713390167,TRUE
20,1.81645803396634,0.843176184287106,TRUE
20,1.95967610425387,0.960528652426402,TRUE
20,1.803304297839,0.823695546563999,TRUE
20,1.85814485366227,0.749624975968465,TRUE
20,2.07026438006776,0.830835547495731,TRUE
20,1.82593861491166,0.814776672228896,TRUE
20,1.49562464845374,0.852365905338235,TRUE
20,1.71562348982602,0.787269132811198,TRUE
20,1.84651569800389,0.824937010236286,TRUE
20,1.87962355935935,0.844622569899242,TRUE
20,1.99430903925707,0.859165159164748,TRUE
20,1.94879681342833,0.887225603027822,TRUE
20,2.04794013611776,0.88673243436138,TRUE
20,1.83499478720418,0.859039134065895,TRUE
20,1.78934243899193,0.845259716979218,TRUE
20,1.8821728051822,0.832971146768014,TRUE
20,1.76252400951782,0.849973238403099,TRUE
20,1.58912388145755,0.83267415501005,TRUE
20,1.68795134832771,0.831670793051,TRUE
20,1.72126502061106,0.864446862434918,TRUE
20,2.14206582941203,0.874548447968537,TRUE
20,1.90696611192888,0.825878212134307,TRUE
20,1.67347368271189,0.90361850465054,TRUE
20,1.93365098728399,0.928127434332492,TRUE
20,2.27581625110777,0.862665596666504,TRUE
20,1.78655548949864,0.82930851247752,TRUE
20,1.88885827622446,0.873648907921292,TRUE
20,1.67701621129231,0.795423846280479,TRUE
20,1.79014549188928,0.810198039454814,TRUE
20,2.05319378760106,0.854969807408233,TRUE
20,1.96187907974278,0.827192821956781,TRUE
20,1.83496964276282,0.832244724366859,TRUE
20,1.91412641900069,0.923484441844825,TRUE
20,1.84413820890957,0.806482314933718,TRUE
20,1.84164318847448,0.82033648335363,TRUE
20,1.91759840561078,0.850106602026691,TRUE
20,1.88924255043392,0.805271976561142,TRUE
20,1.79281235627383,0.786066913510779,TRUE
20,1.46418188652223,0.876722093829042,TRUE
20,1.86255519332231,0.7928834516662,TRUE
20,1.60884149817058,0.810349093035457,TRUE
20,2.03848164895233,0.74070416983826,TRUE
20,1.63084352271194,0.92329550285119,TRUE
20,1.4196736118923,0.869231224161207,TRUE
20,1.66356377632486,0.801589074453325,TRUE
20,1.74478875404767,0.7742120244739,TRUE
20,1.59483363717893,0.871239593709816,TRUE
20,1.74427878690813,0.766965767513197,TRUE
20,1.62926784593521,0.8909202897073,TRUE
20,1.55061011585787,0.802487063982459,TRUE
20,1.8577096226687,0.878456489130932,TRUE
20,2.04862904394122,0.83680531276086,TRUE
20,1.75108555617125,0.852715336787803,TRUE
20,1.67802179613031,0.814071611575365,TRUE
20,1.85035863931468,0.762243146374973,TRUE
20,1.60578287678633,0.881339048115777,TRUE
20,1.85347275676601,0.824230167330533,TRUE
20,1.86453855419161,0.864870563322462,TRUE
20,1.60578282875336,0.792905691554515,TRUE
20,1.73336491032586,0.882374502451332,TRUE
20,1.94134672352223,0.799753162202551,TRUE
20,2.05529818161067,0.812695850838938,TRUE
20,2.00927234429648,0.759385117720925,TRUE
20,1.44718192355408,0.741037821354071,TRUE
20,1.61382220679443,0.910250242984618,TRUE
20,1.78877624184113,0.939043607288458,TRUE
20,1.59515725239973,0.814604323204549,TRUE
20,1.96276712725312,0.85037016369312,TRUE
20,2.030934839599,0.708332678660077,TRUE
20,2.05269047180003,0.881912562711155,TRUE
20,1.90312013662385,0.777541020835357,TRUE
20,1.70929720389057,0.872987682558272,TRUE
20,1.88400565753728,0.84588040769137,TRUE
20,2.22960312054261,0.826467008037997,TRUE
20,1.80819259678589,0.789521572797509,TRUE
20,1.75637709313289,0.850719981538417,TRUE
20,1.91857042058939,0.822877993309406,TRUE
20,1.58149273412721,0.845964402958691,TRUE
20,1.88782784983393,0.83488521695036,TRUE
20,1.77008499625012,0.858094561469682,TRUE
20,1.91652847197971,0.876340727934977,TRUE
20,2.05000970228535,0.81536306946356,TRUE
20,1.77119373287199,0.71583796861785,TRUE
20,1.84739631425265,0.873202687561074,TRUE
20,1.91726856763947,0.866354667073365,TRUE
20,1.77776055107414,0.829172911491069,TRUE
20,1.62602003908076,0.848227543206923,TRUE
20,1.87511365911708,0.902487099105807,TRUE
20,1.74488509218648,0.883020151155278,TRUE
20,1.64480404348755,0.886400575614803,TRUE
20,1.78365654853656,0.823103732099373,TRUE
20,2.19242967661091,0.763916428819025,TRUE
20,1.53676805190061,0.83293703575507,TRUE
20,1.86297256810664,0.825802276437827,TRUE
20,1.8516501333272,0.968664573787231,TRUE
20,1.60477109326018,0.919717952079439,TRUE
20,1.7929975130417,0.875852151540518,TRUE
20,1.77750600673833,0.787193185181564,TRUE
20,1.54540838709916,0.817256571153566,TRUE
50,0.772607761919592,0.77259015197132,TRUE
50,1.11348325098649,0.810610928780808,TRUE
50,0.987428337919648,0.767274093445937,TRUE
50,1.1227722554274,0.744669355032476,TRUE
50,1.02806727566373,0.804556634600151,TRUE
50,1.13159911822733,0.768478707763803,TRUE
50,0.987377155172036,0.838083952134191,TRUE
50,0.946498051052,0.827087898087094,TRUE
50,0.902106132846629,0.816567219161162,TRUE
50,1.01604873906129,0.819902564911309,TRUE
50,0.985036762932723,0.902615937928103,TRUE
50,1.07648504259441,0.874307031910266,TRUE
50,0.934223582511174,0.717718090282028,TRUE
50,1.14788318410038,0.761350966026219,TRUE
50,1.34982032692637,0.898172795939081,TRUE
50,1.064899198287,0.713703571785991,TRUE
50,1.01496977015492,0.803425110602489,TRUE
50,0.970955631255556,0.783998779227941,TRUE
50,1.01814131238938,0.846045007545778,TRUE
50,1.15505489681739,0.857091949049911,TRUE
50,1.11885007909695,0.798205794753682,TRUE
50,1.09948648074456,0.895232909962371,TRUE
50,0.931721795529978,0.729836501133781,TRUE
50,1.01934571135055,0.73155796372985,TRUE
50,1.25168039197294,0.881391188534035,TRUE
50,0.970152348115521,0.806843283162923,TRUE
50,1.03924607166999,0.695048397257815,TRUE
50,0.957659217489228,0.804696482237945,TRUE
50,1.06589915437559,0.835248335508888,TRUE
50,1.07332937346275,0.856167816850506,TRUE
50,1.04720778464928,0.836424345787619,TRUE
50,1.03382518233266,0.855364628845537,TRUE
50,0.969622124995138,0.811343252866804,TRUE
50,0.95321225527202,0.819708013769793,TRUE
50,0.992751582194122,0.713861628464615,TRUE
50,0.954329047124586,0.679558474707197,TRUE
50,0.962135834474779,0.751943258405055,TRUE
50,0.971882603914946,0.851641272443947,TRUE
50,1.10223288975749,0.943238886018476,TRUE
50,1.06768607380057,0.901948245742297,TRUE
50,1.09006659394597,0.817184354255952,TRUE
50,0.966516496141855,0.89721385369251,TRUE
50,0.959787931056685,0.816084924113315,TRUE
50,0.958719776451334,0.82721327814482,TRUE
50,1.18091817506614,0.763058816591203,TRUE
50,1.07378459328735,0.81044549359907,TRUE
50,0.891288417302898,0.834898303291164,TRUE
50,1.0162484323069,0.808437755282027,TRUE
50,1.05974961064358,0.76435681980181,TRUE
50,1.16823009328898,0.835927694181938,TRUE
50,1.01085943523373,0.655681069321839,TRUE
50,1.05071162053618,0.781860006812792,TRUE
50,0.972343934102234,0.75268373920191,TRUE
50,1.23468390335295,0.731356219742765,TRUE
50,0.93012646596251,0.892629902779948,TRUE
50,1.17284233542733,0.887327913853435,TRUE
50,1.0144090004663,0.773212438965376,TRUE
50,1.02133223049107,0.90425911047877,TRUE
50,1.02206836898087,0.924931496959718,TRUE
50,0.963377246426538,0.788268246831212,TRUE
50,1.03287081288483,0.786882309655095,TRUE
50,0.927753315336827,0.822062984873533,TRUE
50,1.06511378480032,0.867235179703016,TRUE
50,0.904015639152125,0.858022838580924,TRUE
50,1.05346774006835,0.862114719474725,TRUE
50,1.23324935563587,0.851655603317038,TRUE
50,0.843742559804146,0.68158069194802,TRUE
50,0.86347502231659,0.737414632055539,TRUE
50,1.12456609465588,0.846116125038282,TRUE
50,1.13887973837367,0.858656682213467,TRUE
50,0.951278869037068,0.790143745277194,TRUE
50,1.15267488747495,0.811275446270234,TRUE
50,0.974480104541656,0.785142019332862,TRUE
50,0.806696842422378,0.735004995733661,TRUE
50,1.02681471295281,0.849651930369334,TRUE
50,0.965786748781937,0.68756319230758,TRUE
50,0.953289163571891,0.853765430516634,TRUE
50,0.876619708464536,0.744287819432763,TRUE
50,1.13352937089664,0.826064196812977,TRUE
50,0.961706930000243,0.780818507162066,TRUE
50,1.10809872678616,0.847463343147056,TRUE
50,1.0096753423735,0.795744584717375,TRUE
50,0.964306208967394,0.713922315878993,TRUE
50,0.962562331067177,0.892977990954907,TRUE
50,1.11330924482196,0.768211355954447,TRUE
50,0.887987306709954,0.708111628596859,TRUE
50,0.911739285657944,0.794832097129491,TRUE
50,0.953789916488154,0.796892765738558,TRUE
50,0.91919406220824,0.713429130768253,TRUE
50,0.901429957762488,0.934535948147646,TRUE
50,1.0528684083677,0.829564480284004,TRUE
50,1.11783301768645,0.795983419514478,TRUE
50,1.01331138658801,0.801725794325209,TRUE
50,1.01895865911623,0.788780408656525,TRUE
50,1.03827210005094,0.731475091193139,TRUE
50,1.16281546707127,0.823227325074006,TRUE
50,1.12352285866039,0.86086156450058,TRUE
50,0.924849670281587,0.865563603600214,TRUE
50,1.1836748808692,0.813741584366421,TRUE
50,1.10187966811046,0.844075827593867,TRUE
50,0.967008530468868,0.836518173996639,TRUE
50,1.12359704425314,0.779392109561823,TRUE
50,0.909379342208149,0.802267322119449,TRUE
50,1.04130543311994,0.760279894164468,TRUE
50,0.917979173747283,0.888083462926744,TRUE
50,0.983322322372528,0.832787830246185,TRUE
50,1.02915842278541,0.853233180185619,TRUE
50,0.925837260550517,0.818453445784621,TRUE
50,0.847570546763652,0.749726734687474,TRUE
50,1.13906469134241,0.805907417059969,TRUE
50,0.848115542323591,0.705809620900158,TRUE
50,0.966530085088043,0.889309903870115,TRUE
50,0.935465866532142,0.811983869403681,TRUE
50,1.05862772589425,0.749142636558774,TRUE
50,0.951856664141474,0.82656130221419,TRUE
50,1.00404512763495,0.821910079599016,TRUE
50,0.924249863928076,0.802843473933837,TRUE
50,1.08827552636987,0.647820857083634,TRUE
50,1.02446784830514,0.810935183293403,TRUE
50,0.833616053666529,0.863039643006859,TRUE
50,1.12346399564536,0.815620535361303,TRUE
50,0.990987040106068,0.789956212804989,TRUE
50,0.884320431099869,0.806416224575204,TRUE
50,1.01121583707697,0.841991043634891,TRUE
50,1.09946665722593,0.783693851804652,TRUE
50,1.09141460158577,0.888308691830666,TRUE
50,1.20614769311983,0.843335535684613,TRUE
50,1.00494171555876,0.780449272835768,TRUE
50,1.17656339544241,0.915841840979916,TRUE
50,0.98895773547193,0.799537886529614,TRUE
50,0.993185295082796,0.881663028174079,TRUE
50,0.972814735850554,0.80955951528175,TRUE
50,0.896908081115122,0.825476033339263,TRUE
50,0.940696299908017,0.788586342861697,TRUE
50,0.949794787622523,0.805203858643844,TRUE
50,1.07473569944102,0.799425584567728,TRUE
50,0.99218659231847,0.861220609491588,TRUE
50,0.951816545728076,0.767822504867131,TRUE
50,0.97778044789145,0.733659053193141,TRUE
50,1.28003314873195,0.867145832483773,TRUE
50,0.970144584447698,0.766380068354863,TRUE
50,1.10445308765373,0.729392562837774,TRUE
50,1.12337363259317,0.856968727130319,TRUE
50,1.00859022642452,0.741880990601676,TRUE
50,1.12415230410654,0.824054583987571,TRUE
50,1.0760266156588,0.879857278445624,TRUE
50,1.03914914788184,0.887872597060581,TRUE
50,0.85368243652349,0.865598381471299,TRUE
50,0.927298891111539,0.777180202870843,TRUE
50,1.09377833544126,0.808936506732999,TRUE
50,0.972683844129408,0.82979721108066,TRUE
50,1.0865690387482,0.794918788718983,TRUE
50,0.976706477860908,0.841681001791335,TRUE
50,0.961100913984724,0.849954447116656,TRUE
50,1.00848943424957,0.763708193099991,TRUE
50,1.0770515207686,0.833558445466593,TRUE
50,1.05873416443702,0.847361889965761,TRUE
50,1.12532648915228,0.861040935511411,TRUE
50,0.924881465507663,0.778980461163225,TRUE
50,0.898963205405053,0.776369471179024,TRUE
50,1.01297896354261,0.775947356238482,TRUE
50,1.1345956125905,0.758358949928325,TRUE
50,1.11951462179463,0.797958693528736,TRUE
50,0.996712037907906,0.679977998161153,TRUE
50,1.00218758246292,0.748484075219759,TRUE
50,1.03367037244669,0.89523626182479,TRUE
50,1.00346378638655,0.864212772856045,TRUE
50,0.910424908025345,0.860199668653961,TRUE
50,1.18033151775075,0.755649032050844,TRUE
50,1.02176597878425,0.812650886177267,TRUE
50,0.991696140024356,0.741421335729626,TRUE
50,0.977714714014371,0.717472431144011,TRUE
50,1.09124362242949,0.80116209258845,TRUE
50,1.05526331690038,0.865366664792935,TRUE
50,1.03426556142447,0.870619427707329,TRUE
50,1.00568693663391,0.658093566013707,TRUE
50,1.07243304037721,0.916847078788513,TRUE
50,0.959737533385676,0.814802412151046,TRUE
50,0.968164452963255,0.813890080727818,TRUE
50,1.04173575955212,0.832008546111546,TRUE
50,1.14377316991996,0.86338240553834,TRUE
50,1.06866415236765,0.81554649174587,TRUE
50,1.00068349116572,0.767409836807918,TRUE
50,1.24196490988952,0.830504835145997,TRUE
50,1.03415948000888,0.806177648006338,TRUE
50,0.92511198474534,0.805724643001564,TRUE
50,0.907750090189757,0.975634231275458,TRUE
50,1.10652139413746,0.835704834568769,TRUE
50,0.977147295380251,0.752883523156641,TRUE
50,1.07472129519931,0.816656236856868,TRUE
50,1.00733557236169,0.870334337626946,TRUE
50,1.07135803559211,0.860394428991072,TRUE
50,1.10717872155165,0.812187844491979,TRUE
50,0.967816137704399,0.771390002726217,TRUE
50,1.07716719218061,0.703941306097378,TRUE
50,0.816663307755806,0.776524381448899,TRUE
50,1.02836690045474,0.856926087114281,TRUE
50,0.933380911293325,0.720797217097609,TRUE
50,1.05283290437227,0.830342274121319,TRUE
50,0.912045326757904,0.78996721694541,TRUE
100,0.690710126839146,0.819332329328287,TRUE
100,0.811777925546129,0.796042780082169,TRUE
100,0.692612717233501,0.909641999183914,TRUE
100,0.696156070744912,0.848342002260612,TRUE
100,0.774350392595069,0.817641153880966,TRUE
100,0.729098919468446,0.713714640664571,TRUE
100,0.642568959717733,0.747409868883215,TRUE
100,0.767763797482854,0.827696537778481,TRUE
100,0.596174252817709,0.804574761732812,TRUE
100,0.703263570235226,0.926010177402342,TRUE
100,0.766754532342942,0.78754901945423,TRUE
100,0.668012850641951,0.79300664857318,TRUE
100,0.761022672981974,0.798855758781124,TRUE
100,0.664502145791154,0.802669169075799,TRUE
100,0.715367554562485,0.865613525878912,TRUE
100,0.700543030622903,0.816805528874793,TRUE
100,0.541705803393826,0.765939968523713,TRUE
100,0.687785332069152,0.755391343256567,TRUE
100,0.7064092453263,0.659732284768977,TRUE
100,0.609436943889407,0.780804714813121,TRUE
100,0.744910680891859,0.78920411970347,TRUE
100,0.661646510991793,0.74354264668524,TRUE
100,0.630523377753225,0.800730675891925,TRUE
100,0.796178962290347,0.848121558433681,TRUE
100,0.737139572286528,0.743892807851123,TRUE
100,0.738975580208426,0.75829104454412,TRUE
100,0.705480956085611,0.831951531300384,TRUE
100,0.743717321804531,0.758533370255225,TRUE
100,0.77034522019948,0.804862763596247,TRUE
100,0.632635746395288,0.829154815073816,TRUE
100,0.681605759531513,0.781059232267664,TRUE
100,0.654302738365133,0.90014317537472,TRUE
100,0.697660087579278,0.775805679867656,TRUE
100,0.73432168144448,0.811995367450504,TRUE
100,0.687406912333137,0.809000335917527,TRUE
100,0.647212167732449,0.855910558656038,TRUE
100,0.750877362921373,0.75889820735702,TRUE
100,0.730836409929154,0.72664017686401,TRUE
100,0.630842928825437,0.753355594726159,TRUE
100,0.804883009815309,0.771325701991414,TRUE
100,0.715216577092215,0.785375015920068,TRUE
100,0.715528245287976,0.768653483410665,TRUE
100,0.824932070283659,0.727637333470872,TRUE
100,0.670943111696071,0.857793435590883,TRUE
100,0.573874895825907,0.80983222524826,TRUE
100,0.700609364254468,0.699592889673228,TRUE
100,0.717851330794623,0.845684942588665,TRUE
100,0.698420061870011,0.820183672377708,TRUE
100,0.760726849625307,0.711417233861771,TRUE
100,0.666204865050476,0.844767894423375,TRUE
100,0.655399672524323,0.785661334273806,TRUE
100,0.635339543896884,0.905412453150136,TRUE
100,0.740782654477253,0.78791345020495,TRUE
100,0.636582763522871,0.822055077563657,TRUE
100,0.709132484377922,0.823976491087484,TRUE
100,0.659335297833424,0.740914918014715,TRUE
100,0.72117675613303,0.674792433546521,TRUE
100,0.764475279577901,0.77336763058094,TRUE
100,0.514760235711926,0.788583958775677,TRUE
100,0.717128169278615,0.766520050295192,TRUE
100,0.67959409645479,0.841062288733195,TRUE
100,0.757672846096319,0.68752034298769,TRUE
100,0.781398231956787,0.762407887355044,TRUE
100,0.657278988208578,0.619995144969033,TRUE
100,0.642685990435642,0.710206625275154,TRUE
100,0.663448787357399,0.807616770244676,TRUE
100,0.765178241882658,0.806061715741307,TRUE
100,0.812947893840104,0.784001066986248,TRUE
100,0.670094815578193,0.807352656958816,TRUE
100,0.671716948436429,0.77204337138294,TRUE
100,0.708910547498726,0.718207961388419,TRUE
100,0.663789637958384,0.717626477234059,TRUE
100,0.654513506629357,0.76151171172658,TRUE
100,0.697956936137665,0.672703315874045,TRUE
100,0.689349676829611,0.776834876215622,TRUE
100,0.645660475179917,0.72449066337369,TRUE
100,0.595601252645866,0.731755936632449,TRUE
100,0.691281621578634,0.609380678885313,TRUE
100,0.668147589131883,0.767110243128349,TRUE
100,0.647241296340882,0.790055007361314,TRUE
100,0.736849940566222,0.851205436883471,TRUE
100,0.738372566472574,0.875346331438245,TRUE
100,0.715175272940557,0.827555741678805,TRUE
100,0.671635413790424,0.65242192201351,TRUE
100,0.730007849343355,0.793146589398088,TRUE
100,0.613284319930545,0.769993441047436,TRUE
100,0.690832510679882,0.800559721764308,TRUE
100,0.607768887841769,0.746906623036265,TRUE
100,0.694343226075809,0.769885458780174,TRUE
100,0.6744511827005,0.792482320825731,TRUE
100,0.733980427959395,0.760358580604731,TRUE
100,0.581050080257346,0.926373292816906,TRUE
100,0.699487498270366,0.754387904606194,TRUE
100,0.75553008938095,0.80212397962651,TRUE
100,0.746569491058979,0.660374819997661,TRUE
100,0.696703580240251,0.802580258048376,TRUE
100,0.621140312936419,0.780489785691378,TRUE
100,0.704416792438493,0.831928110031965,TRUE
100,0.633898678524685,0.73039324610096,TRUE
100,0.66990832151836,0.78127798695293,TRUE
100,0.692948991275818,0.822945800152628,TRUE
100,0.67682232092252,0.604474930641468,TRUE
100,0.67551256945665,0.760713656177522,TRUE
100,0.729816939720538,0.842571364218251,TRUE
100,0.7003200658367,0.747826700520007,TRUE
100,0.739272706328304,0.72136300023987,TRUE
100,0.685297066169422,0.750990543578789,TRUE
100,0.649272189876393,0.756939007429784,TRUE
100,0.636060892609043,0.75164035371801,TRUE
100,0.772508895256794,0.791936695932466,TRUE
100,0.729419976768206,0.79546704487766,TRUE
100,0.668952566306242,0.717886862304744,TRUE
100,0.58428782798583,0.784849754126338,TRUE
100,0.624790234654099,0.712648990193204,TRUE
100,0.665793625317738,0.777514726857889,TRUE
100,0.778497182205887,0.896131914478108,TRUE
100,0.706433518202398,0.839970361538211,TRUE
100,0.673528343996129,0.782350874231289,TRUE
100,0.675225171439444,0.776004648626271,TRUE
100,0.737727150451213,0.732219416553816,TRUE
100,0.716253030941744,0.767083854939802,TRUE
100,0.732573452559681,0.853384969206377,TRUE
100,0.650002525837713,0.765856203554771,TRUE
100,0.720652723136031,0.883134890144445,TRUE
100,0.77043743124467,0.858852395486085,TRUE
100,0.7232202043568,0.80765418732695,TRUE
100,0.658455186604301,0.849424443077888,TRUE
100,0.755707699949462,0.76297414804135,TRUE
100,0.690679191262347,0.799631748014011,TRUE
100,0.635105910490803,0.714100807832751,TRUE
100,0.677752819828787,0.786135602138942,TRUE
100,0.710009547195325,0.796976612670686,TRUE
100,0.605649942642911,0.828473684684035,TRUE
100,0.636470581255361,0.895357975714742,TRUE
100,0.65706483457526,0.777315632397277,TRUE
100,0.788743096901952,0.897540290755169,TRUE
100,0.724397094411945,0.680167943870144,TRUE
100,0.72820660901366,0.835946644427415,TRUE
100,0.576064418373512,0.744050868354429,TRUE
100,0.71250163178935,0.855146078773253,TRUE
100,0.764328006301952,0.76574173515271,TRUE
100,0.607915762818727,0.791961472503252,TRUE
100,0.676718480691524,0.852647895314865,TRUE
100,0.652401881072333,0.725974055570831,TRUE
100,0.815318752885041,0.704083488603633,TRUE
100,0.708221981875775,0.840183734841133,TRUE
100,0.74342361570067,0.688734252473488,TRUE
100,0.906509213741768,0.716123404554954,TRUE
100,0.711382441416553,0.753556831443739,TRUE
100,0.691354925698734,0.765419239757685,TRUE
100,0.758463582143138,0.864515539237524,TRUE
100,0.627486831546551,0.838640589957358,TRUE
100,0.636669106531975,0.782110956077784,TRUE
100,0.68951153331061,0.754444430032828,TRUE
100,0.614915339010129,0.778445320234547,TRUE
100,0.698404898358143,0.721753370917633,TRUE
100,0.702282806047932,0.715384430580618,TRUE
100,0.755716374537799,0.72648347870376,TRUE
100,0.731385261271064,0.746787072535453,TRUE
100,0.679683734917274,0.748869808409907,TRUE
100,0.698046587584696,0.822741522758854,TRUE
100,0.68218293927283,0.758136209671726,TRUE
100,0.764957981952379,0.918502563517523,TRUE
100,0.630422738686464,0.831248994457181,TRUE
100,0.831789099154496,0.759384907959377,TRUE
100,0.707371350149675,0.701623025056126,TRUE
100,0.705490545912003,0.777544637698815,TRUE
100,0.725861584422332,0.798255365116411,TRUE
100,0.636853875824267,0.81878092290182,TRUE
100,0.623852691943612,0.8085066744433,TRUE
100,0.72324091665365,0.744835914522419,TRUE
100,0.727221378542518,0.805242057956969,TRUE
100,0.679693923068256,0.796738805025122,TRUE
100,0.731584901211678,0.847419124609441,TRUE
100,0.707231541464419,0.807915288152448,TRUE
100,0.720249643149719,0.758042452954125,TRUE
100,0.630189535041563,0.805710750448445,TRUE
100,0.751859311184334,0.818634045363432,TRUE
100,0.62841716132904,0.790298873712172,TRUE
100,0.748388487579384,0.811715869042756,TRUE
100,0.551795265064257,0.801910410274135,TRUE
100,0.751725034714167,0.840163001486587,TRUE
100,0.720855580252124,0.740202976029463,TRUE
100,0.702105573707639,0.761817529857809,TRUE
100,0.720198543185378,0.893799247015516,TRUE
100,0.729796099036129,0.821825033202604,TRUE
100,0.664122435789656,0.770681030304623,TRUE
100,0.817557160562566,0.809029182844367,TRUE
100,0.5732389302423,0.768465136389845,TRUE
100,0.642076766589213,0.801318746085505,TRUE
100,0.617631317287615,0.693614730583388,TRUE
100,0.675115570774475,0.736547299593879,TRUE
100,0.612261582248007,0.888688923960916,TRUE
100,0.698213741187459,0.654844913593783,TRUE
100,0.63310957021739,0.799561092020415,TRUE
100,0.817168171210594,0.834326425932593,TRUE
100,0.706751981674813,0.763288006771511,TRUE
100,0.664786936955734,0.758615412299054,TRUE
100,0.624426810869033,0.659470308491772,TRUE
100,0.65328204878583,0.795205184677502,TRUE
200,0.432596744974399,0.855188714868512,TRUE
200,0.480955410695974,0.691337142527827,TRUE
200,0.515988594181026,0.757288117617653,TRUE
200,0.531831676079422,0.818730989103019,TRUE
200,0.475075311141754,0.794777735290352,TRUE
200,0.414792035910251,0.73838346596034,TRUE
200,0.504742777621324,0.739151367185186,TRUE
200,0.486397203873224,0.782953562351419,TRUE
200,0.51429921582801,0.769221912430355,TRUE
200,0.492148256990129,0.636844053878197,TRUE
200,0.480299810068224,0.757719486987299,TRUE
200,0.413331931437126,0.82996920529674,TRUE
200,0.541618245994698,0.602616994584915,TRUE
200,0.486183211600804,0.759910380312121,TRUE
200,0.463859835509405,0.895454547961249,TRUE
200,0.448601592169722,0.771650099529691,TRUE
200,0.439635662279167,0.790039553105849,TRUE
200,0.477271219900735,0.712702500852755,TRUE
200,0.43453072976564,0.768561737367452,TRUE
200,0.47384686976881,0.750671567110765,TRUE
200,0.408163175610058,0.784557534967946,TRUE
200,0.439648267889108,0.807508789415685,TRUE
200,0.562778863522715,0.901565903852921,TRUE
200,0.463930283888869,0.7237859742362,TRUE
200,0.471486215943885,0.804997110991617,TRUE
200,0.458738710801411,0.772852140610412,TRUE
200,0.541133133359306,0.749183289043508,TRUE
200,0.503330158942191,0.714682739349484,TRUE
200,0.406972103292354,0.737881249135889,TRUE
200,0.578585425338923,0.901417956757275,TRUE
200,0.522460290563917,0.832584661389131,TRUE
200,0.382783080798232,0.801392077171415,TRUE
200,0.485734701451237,0.662066973636022,TRUE
200,0.4557547894425,0.804206788763785,TRUE
200,0.464450652339846,0.838426791638426,TRUE
200,0.454300397931147,0.84091606142904,TRUE
200,0.495855725319882,0.692321537092888,TRUE
200,0.45039964141628,0.822620095069534,TRUE
200,0.513526261953092,0.756740718894543,TRUE
200,0.521715569374488,0.828651131984673,TRUE
200,0.494938039388521,0.790562150234149,TRUE
200,0.506523653926099,0.852147409401472,TRUE
200,0.503176447694309,0.581323860136423,TRUE
200,0.460748260596132,0.68345528887946,TRUE
200,0.478099026260735,0.815230304348457,TRUE
200,0.45055261386254,0.754322612946735,TRUE
200,0.484932226599919,0.798511095153689,TRUE
200,0.540349276586843,0.728048710150223,TRUE
200,0.496604750838135,0.801662438578783,TRUE
200,0.414463386835073,0.625440351960958,TRUE
200,0.406201624062206,0.841952720624222,TRUE
200,0.429627192960256,0.75371517092112,TRUE
200,0.46474264840134,0.788065087011036,TRUE
200,0.463005158441388,0.765728477944606,TRUE
200,0.493544190939184,0.809733906511279,TRUE
200,0.504406133439115,0.787037241272334,TRUE
200,0.449560992423159,0.666206791479804,TRUE
200,0.481472235883963,0.77314738909827,TRUE
200,0.494192416098629,0.766646932462139,TRUE
200,0.496987242165208,0.727738559707728,TRUE
200,0.508615816037224,0.791068871923928,TRUE
200,0.490503451520339,0.808536388344925,TRUE
200,0.481615405886915,0.72626032274437,TRUE
200,0.439767377932361,0.816113851070534,TRUE
200,0.439743363168092,0.830189458358358,TRUE
200,0.431130246642758,0.730150422399899,TRUE
200,0.469517364113341,0.815653886711553,TRUE
200,0.393259434609978,0.891771508728739,TRUE
200,0.497428518317071,0.826605777616537,TRUE
200,0.500132341439883,0.798352887266598,TRUE
200,0.506417674012322,0.706939290331447,TRUE
200,0.486694978734213,0.87286803935004,TRUE
200,0.459109048208924,0.735624373572717,TRUE
200,0.443859652569531,0.788215392804855,TRUE
200,0.451171899332981,0.686630949206491,TRUE
200,0.489673958866455,0.706592818343646,TRUE
200,0.454054217178275,0.684245006118737,TRUE
200,0.461462621504257,0.733749815871023,TRUE
200,0.470312271599878,0.762844083124465,TRUE
200,0.459366077511904,0.705244712133725,TRUE
200,0.508321268385433,0.769047667899385,TRUE
200,0.446247542597864,0.734230190223023,TRUE
200,0.469983873198106,0.777807245187957,TRUE
200,0.51730762922084,0.70672010432451,TRUE
200,0.502025516231385,0.667262661159023,TRUE
200,0.409032727001805,0.701115781140891,TRUE
200,0.447127091946259,0.719687359492163,TRUE
200,0.503492905912219,0.718254731640462,TRUE
200,0.464356103785468,0.753556691734776,TRUE
200,0.463105380425809,0.727803963229006,TRUE
200,0.575850802034483,0.683399828491716,TRUE
200,0.479055115281394,0.807746920088319,TRUE
200,0.528467088988859,0.716421881425921,TRUE
200,0.494815087362483,0.799423374548532,TRUE
200,0.465009891837035,0.778001814372259,TRUE
200,0.4509620360223,0.635654942615634,TRUE
200,0.484353189610839,0.740418144881807,TRUE
200,0.554914342428342,0.702446545476075,TRUE
200,0.519943248848041,0.732516455159669,TRUE
200,0.495164888867516,0.801064177242058,TRUE
200,0.477589473461268,0.751348278018793,TRUE
200,0.479928877678249,0.823507396046602,TRUE
200,0.538939822595867,0.697446610280016,TRUE
200,0.456516378807053,0.698807842766136,TRUE
200,0.489292413127856,0.781633370806345,TRUE
200,0.521672445651757,0.811573631804587,TRUE
200,0.508078071656282,0.932260796733887,TRUE
200,0.458374504613417,0.770973327652597,TRUE
200,0.454124253376286,0.782435934443364,TRUE
200,0.483596036114432,0.685201055257723,TRUE
200,0.441129777264438,0.810882954458667,TRUE
200,0.456773586099892,0.660178682388615,TRUE
200,0.502192517050583,0.757731717214017,TRUE
200,0.439588438045798,0.566529984964325,TRUE
200,0.474908662707128,0.691856472563927,TRUE
200,0.495749284266192,0.814752145224295,TRUE
200,0.460069791894989,0.74812449309633,TRUE
200,0.454976178866481,0.824377037805286,TRUE
200,0.526004909620547,0.702771380558216,TRUE
200,0.483157142916027,0.735526243308309,TRUE
200,0.540552521087601,0.589694868991823,TRUE
200,0.496816348147761,0.759487171206892,TRUE
200,0.501814684817716,0.774507193528967,TRUE
200,0.495002622279628,0.754453003660243,TRUE
200,0.538713560577289,0.719831067794544,TRUE
200,0.460315941153007,0.853269822385251,TRUE
200,0.455765950183175,0.810007671659963,TRUE
200,0.445832993818133,0.812643270259636,TRUE
200,0.496111214311682,0.786328611093737,TRUE
200,0.452539514307453,0.832874645358538,TRUE
200,0.412861704399251,0.699225928554937,TRUE
200,0.473774023703389,0.743499437189077,TRUE
200,0.508003218625172,0.75962856229411,TRUE
200,0.39526479144074,0.67501533951955,TRUE
200,0.468118650651907,0.803943542588262,TRUE
200,0.528510097110351,0.710877365689543,TRUE
200,0.497536582490173,0.74242080796372,TRUE
200,0.469568930683053,0.646438795510441,TRUE
200,0.450680579828291,0.722446123867756,TRUE
200,0.443768038970179,0.787469893167301,TRUE
200,0.453374268765927,0.688994017718018,TRUE
200,0.465737590980036,0.781442109865157,TRUE
200,0.477708956612525,0.765783449568882,TRUE
200,0.459199345466211,0.768300426713468,TRUE
200,0.461249832095038,0.814062844160685,TRUE
200,0.451003857223026,0.880276176850073,TRUE
200,0.489748239333867,0.581486147871692,TRUE
200,0.517725779621278,0.726780904808119,TRUE
200,0.433057420734709,0.680150454520069,TRUE
200,0.538646547793202,0.89992878534429,TRUE
200,0.48637156263079,0.848474944387427,TRUE
200,0.523228519175298,0.696931837301262,TRUE
200,0.506618666210697,0.596403111539455,TRUE
200,0.499567928018647,0.802703745105516,TRUE
200,0.504801652707922,0.794253134784619,TRUE
200,0.512021666988454,0.811248999818592,TRUE
200,0.519356289852151,0.731080947500084,TRUE
200,0.454906453019336,0.781921543959573,TRUE
200,0.424733208332025,0.682354878351236,TRUE
200,0.523524130566955,0.702404939788217,TRUE
200,0.485565206931683,0.608273396393093,TRUE
200,0.418289582715217,0.777027221707268,TRUE
200,0.414474425465941,0.845440134525355,TRUE
200,0.525364467611818,0.718838899892524,TRUE
200,0.481871797124369,0.733270506903918,TRUE
200,0.464065604916856,0.827750708292855,TRUE
200,0.536427228147633,0.67604935957964,TRUE
200,0.564515665300621,0.759399903536354,TRUE
200,0.460898091676389,0.739625374784116,TRUE
200,0.501612068928009,0.661204381876466,TRUE
200,0.568707065305732,0.724937106336645,TRUE
200,0.479124901984818,0.70631600577861,TRUE
200,0.455330342059773,0.649364278224627,TRUE
200,0.489677282216559,0.751343503122352,TRUE
200,0.454811637462882,0.717634042696581,TRUE
200,0.501720307557113,0.691367059562262,TRUE
200,0.505850421001741,0.658997386362057,TRUE
200,0.517032798760766,0.763326539739926,TRUE
200,0.534481771922843,0.700832556272224,TRUE
200,0.506301609380472,0.761690229414827,TRUE
200,0.406773744573333,0.881050551349022,TRUE
200,0.423140506518634,0.738838040128996,TRUE
200,0.448376885730182,0.851907243474,TRUE
200,0.501092630493525,0.621727291702248,TRUE
200,0.439619577319179,0.774917463066509,TRUE
200,0.473167539465885,0.74536268926991,TRUE
200,0.53965352772354,0.702893394463689,TRUE
200,0.484886147003982,0.719261061066407,TRUE
200,0.512748259263868,0.602618456274026,TRUE
200,0.508087547573161,0.802005776068825,TRUE
200,0.464939276926978,0.769838029208121,TRUE
200,0.437598260609675,0.574012944297664,TRUE
200,0.463838895255739,0.627032480768941,TRUE
200,0.466922765174463,0.770852895698005,TRUE
200,0.474867570926326,0.722376948219045,TRUE
200,0.517197188224161,0.847295452203342,TRUE
200,0.442203814819312,0.725465109659358,TRUE
200,0.526205777947051,0.680855532773733,TRUE
200,0.506725590353356,0.82785776833482,TRUE
200,0.453025645512515,0.741254732228742,TRUE
500,0.271782104592126,0.719878292925669,TRUE
500,0.299821648740465,0.840443119474955,TRUE
500,0.323182829215655,0.810810363863328,TRUE
500,0.264247421007318,0.717801517054,TRUE
500,0.297602503744092,0.717247425930396,TRUE
500,0.266396928335603,0.70198491147154,TRUE
500,0.299888566548215,0.688834875525705,TRUE
500,0.322101724440186,0.684739586087838,TRUE
500,0.292889312307856,0.908395206559507,TRUE
500,0.307644502334213,0.654188334779157,TRUE
500,0.295493364362259,0.753887518177838,TRUE
500,0.293643951889093,0.794179964849204,TRUE
500,0.31357388801621,0.617247420574408,TRUE
500,0.297952940151031,0.908143242844992,TRUE
500,0.285639449106499,0.746467105414987,TRUE
500,0.280788026594381,0.702745858431723,TRUE
500,0.331832207795996,0.691110703331006,TRUE
500,0.308722834214242,0.60134783532334,TRUE
500,0.322849546662062,0.751372567517725,TRUE
500,0.308619924646349,0.672705759947442,TRUE
500,0.305806222941989,0.865375160371864,TRUE
500,0.304664898087242,0.774452680719227,TRUE
500,0.308852063770515,0.683172760511417,TRUE
500,0.30747830896894,0.710202315907971,TRUE
500,0.281311166809042,0.66499186208258,TRUE
500,0.278559735535001,0.797229607671444,TRUE
500,0.300068239679703,0.655875218550296,TRUE
500,0.298617897915194,0.739804978371522,TRUE
500,0.312976765575275,0.726180740228156,TRUE
500,0.320853909516701,0.790101810630267,TRUE
500,0.33212034182577,0.766298656067022,TRUE
500,0.313997340022399,0.722059703081114,TRUE
500,0.312945911008029,0.72234710447275,TRUE
500,0.286631593223698,0.677057580047047,TRUE
500,0.30391066082038,0.690426963819743,TRUE
500,0.300380163904857,0.718319805485428,TRUE
500,0.31111206335727,0.647652719829711,TRUE
500,0.295270895364064,0.684401382241544,TRUE
500,0.329241445621616,0.60234089035473,TRUE
500,0.26856515977244,0.828991086700985,TRUE
500,0.27525267290335,0.738492533321232,TRUE
500,0.268706971088155,0.653258185763292,TRUE
500,0.267966209366759,0.662665192528676,TRUE
500,0.295467403078304,0.708994172191164,TRUE
500,0.281528965122414,0.791678023507138,TRUE
500,0.253935585047723,0.773182911898142,TRUE
500,0.292217276654593,0.774175328068735,TRUE
500,0.256626547747102,0.631140208943381,TRUE
500,0.299406158023953,0.840759948617298,TRUE
500,0.28601220678701,0.787098163221157,TRUE
500,0.290226068820607,0.700991281318104,TRUE
500,0.300646252086977,0.722263434222042,TRUE
500,0.338096366878166,0.64404545807681,TRUE
500,0.250850809850159,0.697608836147578,TRUE
500,0.275386729792498,0.732226077946757,TRUE
500,0.297411141167932,0.804238434612303,TRUE
500,0.308261684237284,0.7913638576881,TRUE
500,0.29061918632781,0.659844758913495,TRUE
500,0.303724174909418,0.607829730306865,TRUE
500,0.310849614109852,0.751888175452199,TRUE
500,0.295438500219929,0.70759069347715,TRUE
500,0.318769620952523,0.795428697975966,TRUE
500,0.291306044382712,0.77276895303674,TRUE
500,0.288641412286159,0.802021870555169,TRUE
500,0.308621401645221,0.735864499146173,TRUE
500,0.310026646562946,0.693671976341182,TRUE
500,0.310794842984896,0.777979854422981,TRUE
500,0.317987366117896,0.64159271692003,TRUE
500,0.308309037993956,0.606547094363832,TRUE
500,0.269282222365366,0.705540912367052,TRUE
500,0.281579523610085,0.64800880097277,TRUE
500,0.257669789607812,0.807693467752523,TRUE
500,0.319055958598086,0.876350452272435,TRUE
500,0.289139163910403,0.717922708971263,TRUE
500,0.279478852486783,0.71810880148726,TRUE
500,0.338229754902313,0.736293610919848,TRUE
500,0.294318736893039,0.697316644634637,TRUE
500,0.280835457154786,0.730669429784098,TRUE
500,0.30441731999232,0.667442240204069,TRUE
500,0.278031906885304,0.614922511416294,TRUE
500,0.312357843013257,0.848580846143983,TRUE
500,0.27959470065803,0.751491978644836,TRUE
500,0.317758151833947,0.774843284267149,TRUE
500,0.306917585106913,0.748968005921589,TRUE
500,0.274345550738223,0.741432448207154,TRUE
500,0.312161506982698,0.769891734092346,TRUE
500,0.331830126965788,0.695336140129575,TRUE
500,0.293669947985913,0.710296990660427,TRUE
500,0.290075293105054,0.696681946265582,TRUE
500,0.318626160045659,0.787103634419557,TRUE
500,0.293419572017814,0.707593184349407,TRUE
500,0.316102445570251,0.734309899312626,TRUE
500,0.313498330261497,0.792915365477323,TRUE
500,0.339080366498492,0.7802897843827,TRUE
500,0.322673577833602,0.831926746913961,TRUE
500,0.276244552311317,0.704252912119004,TRUE
500,0.274178690727571,0.680730126736663,TRUE
500,0.341105725756348,0.777390993214552,TRUE
500,0.266676718507227,0.78166278410991,TRUE
500,0.359274157989587,0.700763552045101,TRUE
500,0.290587885698329,0.710746431047189,TRUE
500,0.322828936208223,0.681479104773578,TRUE
500,0.267652874441002,0.787640153154986,TRUE
500,0.319280789143993,0.821755772806758,TRUE
500,0.288614117540109,0.743433650884676,TRUE
500,0.272218984985379,0.665163674802324,TRUE
500,0.288241214763531,0.708293827199931,TRUE
500,0.308695939924591,0.554400193019376,TRUE
500,0.291330187356457,0.683936640457881,TRUE
500,0.323426203715332,0.613190037228969,TRUE
500,0.320816069294471,0.83417313071723,TRUE
500,0.305988533104362,0.701423359787218,TRUE
500,0.299117452878528,0.706246587156783,TRUE
500,0.310154722444115,0.744144207657437,TRUE
500,0.28016117717021,0.605627878599294,TRUE
500,0.328807429287559,0.615186395864168,TRUE
500,0.315230670849239,0.72984965705523,TRUE
500,0.296508797854286,0.666393363828138,TRUE
500,0.297854561684698,0.72646911788175,TRUE
500,0.308584945438339,0.735354640181708,TRUE
500,0.276811639982492,0.704239674804112,TRUE
500,0.290809240269132,0.800452996076188,TRUE
500,0.308475712672543,0.744712516464835,TRUE
500,0.269509809012128,0.768968188176074,TRUE
500,0.26071164765319,0.811543620955663,TRUE
500,0.317973020556148,0.720140107440019,TRUE
500,0.299661593941898,0.730088039664734,TRUE
500,0.321060893735624,0.754478894111933,TRUE
500,0.294734331108701,0.844295247168814,TRUE
500,0.32940226095924,0.878232635601965,TRUE
500,0.309371385253479,0.727417478800295,TRUE
500,0.266223040996298,0.612367143418021,TRUE
500,0.347385631114565,0.691893130915943,TRUE
500,0.281240389724428,0.690452486988029,TRUE
500,0.29177921481069,0.724872082759335,TRUE
500,0.302936682590055,0.780116718808435,TRUE
500,0.286234740351383,0.76923466068977,TRUE
500,0.288586163254695,0.902614312984797,TRUE
500,0.242668127372823,0.794447205563235,TRUE
500,0.325343242760411,0.799203045444003,TRUE
500,0.263352085243274,0.670229938870851,TRUE
500,0.25640980420972,0.764875156813274,TRUE
500,0.255421690423418,0.680578896549987,TRUE
500,0.274411220165383,0.714373628625693,TRUE
500,0.27449080903751,0.72850740579087,TRUE
500,0.297479256607629,0.767205847271431,TRUE
500,0.294392290865617,0.70392186717004,TRUE
500,0.300842467930795,0.831274193822005,TRUE
500,0.296166856601271,0.744037200411482,TRUE
500,0.288603213296946,0.803530917851134,TRUE
500,0.318556086297453,0.758374548267482,TRUE
500,0.321444660445505,0.736275536919066,TRUE
500,0.30093349903723,0.723584337148066,TRUE
500,0.339973131865441,0.701176912606958,TRUE
500,0.323709137514038,0.696280076863649,TRUE
500,0.274904215949597,0.837437460696635,TRUE
500,0.339728713815234,0.77236723634882,TRUE
500,0.312276460499943,0.862074381706601,TRUE
500,0.312886583496246,0.743058117919052,TRUE
500,0.274464236958496,0.724186112557206,TRUE
500,0.3164034733381,0.753367743892811,TRUE
500,0.287591091170811,0.742749994628129,TRUE
500,0.333952367997261,0.69094241832906,TRUE
500,0.285001478794259,0.702992204757155,TRUE
500,0.280998798614187,0.67721253386715,TRUE
500,0.278679940413206,0.784030761577531,TRUE
500,0.322599988918953,0.795989859216096,TRUE
500,0.283955969227717,0.662920119662929,TRUE
500,0.298834014858342,0.688760430046883,TRUE
500,0.354566747002351,0.780997313159241,TRUE
500,0.324399321438094,0.839433010140184,TRUE
500,0.336023417475026,0.676219337515655,TRUE
500,0.29682557690957,0.701795061149073,TRUE
500,0.258145079394954,0.747123751982945,TRUE
500,0.289317987038109,0.691565348780675,TRUE
500,0.282602827277997,0.712774938857348,TRUE
500,0.294753884726707,0.501008094253757,TRUE
500,0.292883990198813,0.788121083994161,TRUE
500,0.288223115124848,0.774243600427784,TRUE
500,0.309447180275056,0.821982633863,TRUE
500,0.268298849684993,0.742444200300805,TRUE
500,0.271245871107569,0.751056224848644,TRUE
500,0.266220185654505,0.71363808351865,TRUE
500,0.30149759426918,0.733471861244953,TRUE
500,0.264684767373617,0.853759639451389,TRUE
500,0.290366486360047,0.764063270766456,TRUE
500,0.324899488761883,0.603308949185736,TRUE
500,0.28081811228461,0.71012669767276,TRUE
500,0.318418545944236,0.697001182244039,TRUE
500,0.285583775670552,0.663137017726645,TRUE
500,0.277520509452612,0.734599611040665,TRUE
500,0.309456629571403,0.825665365365034,TRUE
500,0.308508570423269,0.837221060117295,TRUE
500,0.340419762567168,0.855744773930219,TRUE
500,0.28636438527366,0.742482614202496,TRUE
500,0.286639994014615,0.688754558200217,TRUE
500,0.315302921252723,0.667093530978642,TRUE
500,0.32076232955036,0.785781042461474,TRUE
500,0.28033599753547,0.752256059263211,TRUE
500,0.313037629890403,0.687202845522798,TRUE
1000,0.192434474890136,0.750686248803585,TRUE
1000,0.229235946439631,0.699617834585181,TRUE
1000,0.198793359567846,0.850276531197369,TRUE
1000,0.20870395851981,0.7087423088085,TRUE
1000,0.207057552411973,0.790789596080748,TRUE
1000,0.219207423210379,0.695883319462863,TRUE
1000,0.207604803041365,0.71636085385016,TRUE
1000,0.210987315228621,0.663255678814502,TRUE
1000,0.195864575704485,0.620185545367054,TRUE
1000,0.220205175939813,0.682233290074717,TRUE
1000,0.1993381278318,0.722824392753885,TRUE
1000,0.243833528670819,0.716211223630523,TRUE
1000,0.195320770103851,0.750161839945941,TRUE
1000,0.162263733806244,0.757098798862015,TRUE
1000,0.186929953735434,0.711086751183043,TRUE
1000,0.21968315861986,0.694026564117203,TRUE
1000,0.207059558892258,0.792033777845182,TRUE
1000,0.21696179267726,0.71942360638114,TRUE
1000,0.195120729525949,0.832489180182122,TRUE
1000,0.20466829710766,0.729002994980229,TRUE
1000,0.200916372465886,0.702302698822381,TRUE
1000,0.20542649679012,0.639625430191746,TRUE
1000,0.208835497843765,0.71561808728268,TRUE
1000,0.228299975634914,0.719469027554327,TRUE
1000,0.221928059153455,0.737506552915996,TRUE
1000,0.203333141377326,0.741735092903439,TRUE
1000,0.190765911150462,0.669216850677881,TRUE
1000,0.24256274769072,0.828349545834757,TRUE
1000,0.224657472219343,0.79018795822769,TRUE
1000,0.22397720413079,0.645720780355053,TRUE
1000,0.196590257390319,0.760847397167955,TRUE
1000,0.197960836907866,0.658592468463936,TRUE
1000,0.191779610128663,0.74777577643516,TRUE
1000,0.227821999736675,0.687081350218843,TRUE
1000,0.236059198051198,0.862143442357649,TRUE
1000,0.228265129647644,0.748887785915117,TRUE
1000,0.194326854058667,0.639963396128986,TRUE
1000,0.202493606351497,0.721344647153069,TRUE
1000,0.215026884457121,0.654589651292819,TRUE
1000,0.187003439612461,0.690809879829766,TRUE
1000,0.229505990594953,0.854917912471096,TRUE
1000,0.219698929593529,0.688170446418711,TRUE
1000,0.221041585725209,0.768202831458417,TRUE
1000,0.213791372643807,0.773970714084526,TRUE
1000,0.208973298952474,0.77382160734005,TRUE
1000,0.202628392785158,0.759631051814145,TRUE
1000,0.225974308839844,0.754786614670168,TRUE
1000,0.195107551527461,0.667058094029066,TRUE
1000,0.219849936513586,0.688406788231353,TRUE
1000,0.196425575264806,0.649295387257481,TRUE
1000,0.230245661911195,0.5691628563361,TRUE
1000,0.20787672185906,0.622432248447371,TRUE
1000,0.215245073024952,0.62917398876676,TRUE
1000,0.239368513842689,0.771634616064961,TRUE
1000,0.190821051848173,0.687952771438403,TRUE
1000,0.201620322772831,0.79749453532388,TRUE
1000,0.198698809361811,0.672512604461016,TRUE
1000,0.226387801549096,0.777462357277555,TRUE
1000,0.190754373455429,0.720173881927267,TRUE
1000,0.195100076046474,0.6669782365495,TRUE
1000,0.192759653379409,0.707270831315022,TRUE
1000,0.200374061032972,0.6380099191384,TRUE
1000,0.21175103839481,0.761903641885905,TRUE
1000,0.184948101665671,0.768902966842015,TRUE
1000,0.218764630652049,0.774909068921695,TRUE
1000,0.192672593175467,0.706066237015133,TRUE
1000,0.197255576038757,0.829072345007362,TRUE
1000,0.22761247349468,0.768044363751266,TRUE
1000,0.193410762373744,0.755885343144475,TRUE
1000,0.209460637585368,0.826567471280058,TRUE
1000,0.21873391651481,0.718497695214321,TRUE
1000,0.231808471224393,0.731636990521051,TRUE
1000,0.218649946152573,0.66475235784519,TRUE
1000,0.183474442302842,0.645743462643217,TRUE
1000,0.206513569403761,0.719149500128457,TRUE
1000,0.188191869466437,0.749518297446364,TRUE
1000,0.221241611694346,0.628310977656791,TRUE
1000,0.188990292273826,0.68012024374062,TRUE
1000,0.217907015604536,0.676535218623042,TRUE
1000,0.176662327115704,0.760117788570971,TRUE
1000,0.1839888848521,0.626542927226612,TRUE
1000,0.209941063877911,0.787483691154647,TRUE
1000,0.228318390992508,0.677751521422927,TRUE
1000,0.205861745252512,0.729971852216184,TRUE
1000,0.220086408739664,0.669490275364972,TRUE
1000,0.206341398448738,0.664709439003677,TRUE
1000,0.199032876348199,0.843645639484926,TRUE
1000,0.210609451935174,0.782787750292816,TRUE
1000,0.222188655198095,0.743026766742151,TRUE
1000,0.214133643947129,0.757030146068512,TRUE
1000,0.205253940812521,0.718202472197017,TRUE
1000,0.221848573006305,0.76762657516564,TRUE
1000,0.218994053497997,0.707130936065035,TRUE
1000,0.210576975712042,0.780315888110354,TRUE
1000,0.212432508530095,0.584803804971809,TRUE
1000,0.215508772913541,0.786516230969948,TRUE
1000,0.20996895430458,0.6483959313245,TRUE
1000,0.22080451789697,0.688064410335509,TRUE
1000,0.181863471089239,0.816974179059694,TRUE
1000,0.185056315090413,0.744149360469821,TRUE
1000,0.228762303640537,0.759741375418041,TRUE
1000,0.195411835588168,0.776277656485512,TRUE
1000,0.218645978373198,0.789240273559092,TRUE
1000,0.213286758420126,0.587861551850087,TRUE
1000,0.197366843012527,0.718977420047305,TRUE
1000,0.211802454418555,0.681465222647619,TRUE
1000,0.225737538432366,0.679433553009062,TRUE
1000,0.218906831818018,0.720511086266029,TRUE
1000,0.189930568947916,0.805963846544374,TRUE
1000,0.197961991889547,0.500323152908916,TRUE
1000,0.211622839331591,0.85146231701074,TRUE
1000,0.21339259311221,0.779946162006382,TRUE
1000,0.211636990166357,0.700648440650217,TRUE
1000,0.200710057656365,0.791916216835567,TRUE
1000,0.214879494301651,0.68638325417268,TRUE
1000,0.196748775480391,0.67316449848325,TRUE
1000,0.224243111534961,0.693846682808694,TRUE
1000,0.22085867747451,0.670517932980393,TRUE
1000,0.185707051214696,0.741539434415277,TRUE
1000,0.208328316778748,0.761162453389043,TRUE
1000,0.214263372583796,0.775911738010225,TRUE
1000,0.207658390316849,0.610783210283627,TRUE
1000,0.213971694045205,0.824814856060195,TRUE
1000,0.221290462156243,0.741387627672668,TRUE
1000,0.195701957714366,0.683188175380135,TRUE
1000,0.175380245789641,0.648872004313746,TRUE
1000,0.206325383919845,0.783817109044486,TRUE
1000,0.184210456191581,0.686392596223424,TRUE
1000,0.194115466016739,0.807868719279073,TRUE
1000,0.245777746583894,0.68056959607784,TRUE
1000,0.212030289947243,0.764015976059078,TRUE
1000,0.239571548446265,0.684092167037346,TRUE
1000,0.214377352833408,0.611756280716164,TRUE
1000,0.214373271614118,0.705837904870409,TRUE
1000,0.203661501570518,0.699294835310267,TRUE
1000,0.196549062079765,0.75215463238378,TRUE
1000,0.212000502346642,0.768698450624685,TRUE
1000,0.211276857536846,0.686419133298921,TRUE
1000,0.228003230971596,0.720944657037184,TRUE
1000,0.186548221128675,0.7193656794772,TRUE
1000,0.233539018800293,0.692990283487835,TRUE
1000,0.214689547659827,0.759948026847751,TRUE
1000,0.202425176044699,0.783999253030588,TRUE
1000,0.209373576199723,0.761080254786199,TRUE
1000,0.217333499353194,0.778345751063283,TRUE
1000,0.200661945757688,0.70853424205678,TRUE
1000,0.22846473205042,0.709333481556851,TRUE
1000,0.221350274827191,0.840481473560757,TRUE
1000,0.211775330488484,0.644200306134205,TRUE
1000,0.236174752616494,0.800174547856824,TRUE
1000,0.233850669375343,0.73516496614362,TRUE
1000,0.218170782307864,0.611660075670633,TRUE
1000,0.227513924668134,0.787179895666496,TRUE
1000,0.192670357204837,0.78853873170934,TRUE
1000,0.203764932539174,0.759647518295023,TRUE
1000,0.206199748402346,0.669400630457309,TRUE
1000,0.202496424623465,0.70031257933876,TRUE
1000,0.204810326424088,0.670214808546476,TRUE
1000,0.21779744391595,0.786269095929775,TRUE
1000,0.198112494052726,0.795049931699803,TRUE
1000,0.208363074063465,0.859507875556317,TRUE
1000,0.202734673654653,0.62997506512909,TRUE
1000,0.209349570345209,0.682720022525023,TRUE
1000,0.20801901972181,0.816403915557044,TRUE
1000,0.206390973561498,0.735515100701601,TRUE
1000,0.224107656821296,0.811332318295236,TRUE
1000,0.214132320323851,0.803349760658009,TRUE
1000,0.222577483758643,0.627786528549751,TRUE
1000,0.220829422681229,0.621495347803418,TRUE
1000,0.236631196710821,0.797066969176032,TRUE
1000,0.216715511953485,0.881984873219638,TRUE
1000,0.202743375350096,0.615328431813653,TRUE
1000,0.200479603447051,0.642707432965126,TRUE
1000,0.19707306358442,0.807260420907868,TRUE
1000,0.211541921751742,0.794591630789997,TRUE
1000,0.225967609036349,0.722226953515982,TRUE
1000,0.192791473895852,0.716464340880601,TRUE
1000,0.238217106553188,0.823552529188183,TRUE
1000,0.202383463278379,0.729878801882065,TRUE
1000,0.199935855579104,0.774720967639406,TRUE
1000,0.19755417903701,0.646921022497412,TRUE
1000,0.204481658995687,0.71291283835226,TRUE
1000,0.226033931055296,0.67312460096759,TRUE
1000,0.167822127193847,0.761298051715318,TRUE
1000,0.205679267659105,0.782260132992115,TRUE
1000,0.176469655401715,0.679074173767969,TRUE
1000,0.180187148240611,0.738077236262197,TRUE
1000,0.221546445981522,0.778296120955738,TRUE
1000,0.193194832371163,0.710189531140272,TRUE
1000,0.214143425905217,0.714111054125758,TRUE
1000,0.200804112306586,0.618799019019786,TRUE
1000,0.211563785124765,0.755234353523175,TRUE
1000,0.182234179260775,0.733859953352207,TRUE
1000,0.210066617239369,0.694272708539452,TRUE
1000,0.224362694103641,0.745232556035554,TRUE
1000,0.234346596772789,0.733919756102925,TRUE
1000,0.193011058710403,0.74887580989931,TRUE
1000,0.200066206061157,0.734356391551788,TRUE
1000,0.206535329732455,0.783226743559792,TRUE
1000,0.210020102322263,0.673503413172828,TRUE
