"sample_size","density_error","weight_error"
10,3.08287076132084,NA
10,3.66970608882741,NA
10,2.95109055860493,NA
10,3.28545137030468,NA
10,2.58963748867418,NA
10,3.38969194277338,NA
10,3.66371462783921,NA
10,3.79626074575245,0.0652797242553718
10,3.90990807288519,NA
10,2.68745442332963,NA
10,2.99816037908707,NA
10,4.53189833563067,NA
10,3.23124718499015,NA
10,2.76699811117391,NA
10,3.12972072947921,NA
10,3.79582260207022,NA
10,5.00054149236276,NA
10,3.01306433727031,NA
10,3.76621374657159,NA
10,3.62121173569746,NA
10,3.25279170864461,NA
10,4.7219712014527,NA
10,2.58581767771709,NA
10,3.15245690118309,NA
10,3.49795707968095,NA
10,3.478441123753,NA
10,3.7674928543843,1.08190847693695
10,3.44350568447043,NA
10,3.26936773540123,NA
10,3.38948798418561,NA
10,3.35090920121988,NA
10,2.35093357618456,NA
10,2.75135968138519,NA
10,3.31465653296429,NA
10,4.00273993029692,NA
10,3.72056616235556,NA
10,3.69140067188373,NA
10,2.91312196940779,NA
10,4.28985122463731,NA
10,3.16157258272756,NA
10,3.73292865497326,NA
10,3.2746185631351,NA
10,3.75193686199096,NA
10,3.60756204675007,NA
10,3.27821177403072,NA
10,3.11282647108878,NA
10,2.68162983686666,NA
10,3.55144924447696,NA
10,2.97306603242783,NA
10,3.43024051304575,NA
10,3.68377132355277,NA
10,4.07550595748971,NA
10,3.16042457309275,NA
10,4.12159659885684,NA
10,3.48973821830727,NA
10,2.98272776507812,NA
10,3.00345759150154,NA
10,2.74819436622856,NA
10,3.12802548549439,NA
10,3.09416381214046,NA
10,3.88635091382736,NA
10,2.71272089585603,NA
10,2.81790522142848,NA
10,3.41259060723484,NA
10,2.8113001426304,NA
10,3.40781843611633,NA
10,3.26497088500751,NA
10,3.30565780780018,NA
10,3.72937432372164,NA
10,4.6574465630734,NA
10,3.54895064356907,NA
10,3.45016254629213,NA
10,3.06243220616309,NA
10,3.60403136327161,NA
10,4.13282171663324,NA
10,3.21650844424771,NA
10,3.29627545380612,NA
10,3.00180637711323,NA
10,2.98961244202822,NA
10,3.21209984907849,NA
10,3.49205720602923,NA
10,3.15745947378545,NA
10,3.46768468781187,NA
10,3.03200110419062,NA
10,2.99337992750377,NA
10,3.26379022680977,NA
10,2.84492550991561,NA
10,3.02657939037983,NA
10,3.28398493207828,NA
10,3.39531210748008,NA
10,3.50433756528969,NA
10,2.98944812193395,NA
10,3.25898962877714,NA
10,3.13929177425522,NA
10,3.48282214664553,NA
10,3.18391942897748,NA
10,3.38722963416566,NA
10,3.3954288670543,0.312919644454499
10,3.2999443303329,NA
10,2.77453590915716,NA
10,2.91310603909211,NA
10,3.04448666536396,NA
10,3.52308717589305,NA
10,2.87634120392753,NA
10,3.64452103799619,NA
10,3.35008511083373,NA
10,3.20027577860656,NA
10,3.2541869590879,NA
10,3.50493632780089,NA
10,3.69795252991149,NA
10,3.63825193856904,NA
10,2.83775532031379,NA
10,3.13039330765834,NA
10,2.77283018201453,NA
10,3.53487484659052,NA
10,3.04048640910461,NA
10,2.87144315629476,NA
10,2.95173953454624,NA
10,3.4073909326088,NA
10,3.53230352696892,NA
10,3.13685131708542,NA
10,3.17819805624202,NA
10,2.90017541144576,NA
10,3.44908074891437,NA
10,2.83479623181327,NA
10,2.83201020450266,NA
10,2.8971661787374,NA
10,3.8412952469722,0.536034418107892
10,4.13530875322837,NA
10,3.96158184754925,NA
10,4.03330451407883,NA
10,3.18958230792808,NA
10,3.27445599569456,1.85783615599983
10,3.31159055729596,NA
10,2.82533492905258,NA
10,4.767218121438,NA
10,3.77865834845948,NA
10,2.97865257112042,NA
10,2.43821276176011,NA
10,3.32588214520814,NA
10,3.37624216222526,NA
10,2.85445995337527,NA
10,3.43190893720992,NA
10,3.12659035826053,NA
10,3.34345845535411,NA
10,3.37214414382775,NA
10,3.79751713820136,NA
10,3.04041744711254,NA
10,4.06252481242489,NA
10,3.77346561266473,NA
10,3.70472737141803,NA
10,3.15567210073349,NA
10,2.96830261144733,NA
10,3.9806634889223,NA
10,3.70243687057057,NA
10,3.37241765917512,NA
10,3.2378396631077,NA
10,3.55081684483712,NA
10,3.02924614914731,NA
10,2.32980336526369,NA
10,3.36974331618253,NA
10,3.36579117363969,NA
10,3.60204538805767,NA
10,3.2744416370799,NA
10,2.95698596874665,NA
10,3.38101147037956,NA
10,3.01649262771709,NA
10,3.12233175704051,NA
10,4.20307333643466,NA
10,2.6851708709671,NA
10,3.35676295681626,NA
10,3.52508683822789,NA
10,2.95486557462909,NA
10,3.44431950364502,NA
10,3.56476460991106,NA
10,3.50339680728841,NA
10,3.16807122669102,NA
10,3.32968582210578,NA
10,3.47038135595985,NA
10,3.41722370263776,1.24162278892316
10,2.83814655973375,NA
10,3.64753133366869,NA
10,2.89113682594971,NA
10,3.23236151759205,NA
10,3.21882745486899,NA
10,3.75944014770761,NA
10,3.18948593781995,NA
10,2.8533231808783,NA
10,3.44809164737871,NA
10,4.56261578353281,NA
10,3.02649234006291,NA
10,3.25618989481508,NA
10,3.14110170409041,NA
10,3.13832856723253,NA
10,3.2090134303423,NA
10,3.1389444971746,NA
10,3.84345439707967,NA
10,3.22288286196703,NA
10,3.05412048268049,NA
10,3.16280653194994,NA
20,1.93035255124802,0.862735995015503
20,1.82894566342405,NA
20,1.88237144535108,1.31936334285936
20,1.83994762793884,1.86524826646659
20,2.18505799846807,NA
20,1.66910716118644,NA
20,1.78846531054878,NA
20,1.75961446769044,NA
20,1.48331424111468,6.09388478721836
20,2.13762198943832,NA
20,1.82377954216004,NA
20,1.9247036647624,NA
20,1.67418231177061,2.05538917781201
20,2.11236686378333,NA
20,1.8004498232938,NA
20,1.76989010384355,0.627510227726358
20,1.81231947412931,NA
20,2.03724696202383,NA
20,2.07643916971243,NA
20,1.74091421158072,2.11298439605649
20,1.68814149837295,NA
20,1.93492326091478,NA
20,2.05356863249535,NA
20,1.76222738299261,0.904267106227226
20,1.97605615585908,NA
20,1.81835692868665,0.582634499559608
20,1.88927223341138,2.98624634844325
20,1.58844008519776,7.17057620144407
20,1.94493659535113,3.15276680025616
20,1.75732019297283,1.55288458362501
20,1.83073307604115,NA
20,2.11519831509411,NA
20,2.14308227430156,NA
20,1.83306501255702,1.20001448926924
20,1.75700568435233,NA
20,1.54697865110539,NA
20,1.85332572482217,NA
20,1.81074405407743,0.375759853487
20,1.77597540119231,0.368169163846385
20,1.64875078553891,NA
20,2.16430761134371,0.467890605004006
20,1.61103806915009,6.20179945859539
20,1.71883828670587,NA
20,1.79712021111794,3.21300374837636
20,1.76964863184895,NA
20,1.46543128575116,2.05800164852682
20,2.02970688646516,NA
20,1.6344374731973,2.20805317348775
20,1.81154865001715,NA
20,1.54785564675653,0.119928406959743
20,1.78268253364848,NA
20,1.94268546270277,1.90584257100106
20,1.67270506977006,NA
20,2.01415891797506,NA
20,1.58283743394612,NA
20,1.88779200819957,NA
20,1.74541002794798,NA
20,2.07651287452694,5.81123252594499
20,1.63138967609291,NA
20,1.55439736198538,NA
20,1.69897008810582,NA
20,1.54660934064186,NA
20,1.80815690940932,1.2135889223782
20,1.99637209533807,NA
20,1.76298802950459,NA
20,2.14184866106823,NA
20,1.93212070235425,0.826192168118652
20,1.85786117014188,NA
20,1.81473388802417,1.34014348507405
20,1.35245577821761,NA
20,1.74231081497992,NA
20,1.8515241585352,NA
20,1.7073746129101,1.27408311798521
20,2.06056103400557,10.4487816807541
20,1.75557550207538,NA
20,1.6348292595871,0.397466788085032
20,1.81017106144442,2.51366674719707
20,1.63586196971125,NA
20,1.82569572780328,NA
20,1.52998927875944,NA
20,1.87741523565196,NA
20,2.14775452276341,NA
20,2.05369976746232,NA
20,1.86582047984311,NA
20,1.92326523657631,5.13632324750556
20,1.68396238635832,0.181614416317911
20,1.50588683475681,NA
20,1.57325122442628,NA
20,1.80072561055673,NA
20,1.9450799112396,NA
20,1.84249746731164,NA
20,1.9643521324965,NA
20,1.9929288358462,NA
20,2.02085681616782,NA
20,1.97824852801352,0.650330971444499
20,1.95408357951705,NA
20,1.63702622680511,NA
20,1.76159490409536,1.71741267981246
20,2.12567749336948,NA
20,1.96632294244748,3.04891451612572
20,1.74070438359073,NA
20,2.04762414115244,NA
20,1.82287028717081,NA
20,1.82788810618394,NA
20,1.7268427542391,NA
20,2.03921983702724,NA
20,1.96212454897456,NA
20,1.72221782983033,NA
20,1.63762663738003,NA
20,1.76915794370065,0.693689011724145
20,1.82551745856314,NA
20,2.02250785659433,NA
20,2.05505282308752,NA
20,2.03636688486275,0.354248984896389
20,1.80370199208273,0.316626348935377
20,1.63673765663383,6.46239623752374
20,1.88219553647138,NA
20,2.02061621125593,0.517243799131682
20,1.95844141355815,NA
20,1.92554522985544,NA
20,1.7108905538619,NA
20,1.6505278863168,2.873974689341
20,1.92799945089379,NA
20,1.8909344844258,NA
20,1.6841088444694,NA
20,1.83588651462732,4.80771194952604
20,1.63860894374213,NA
20,1.71673317164543,9.20962902970871
20,1.39798770749256,NA
20,1.84322425052717,NA
20,1.86083629057475,3.87194186029034
20,1.8784301230617,NA
20,2.05840520857086,8.45841701871658
20,2.28737296047871,NA
20,1.88918037569266,NA
20,1.9479954716199,0.882880692884679
20,1.95746532517546,NA
20,1.62104748360344,NA
20,1.79522493006002,NA
20,1.69666210846021,NA
20,1.92347143394827,NA
20,2.13083896066021,2.4072499894181
20,1.97587894867446,1.71894403764402
20,1.75125523963383,NA
20,1.69170119921349,NA
20,2.19457464218115,NA
20,1.65868904004664,NA
20,1.77243074166784,NA
20,2.19449872789997,0.536252496321964
20,1.88249915104383,NA
20,1.70567985690347,NA
20,1.87215271499815,NA
20,2.01385833222218,1.77695563451874
20,1.65592767709447,6.73601923079371
20,1.96860351787981,1.92097099009602
20,1.99414944628394,NA
20,2.04362850413737,1.82500416452425
20,1.72499799653957,0.215148492817129
20,2.15296689829092,3.73321067715896
20,1.69877886319899,NA
20,1.93808161727473,0.83365734153185
20,1.74991110271707,NA
20,2.16292089448036,NA
20,1.9746217242903,5.14590036943827
20,1.87171251276773,NA
20,1.68927768713331,NA
20,1.77330904184034,NA
20,1.86552709997616,0.864757838713014
20,1.96667842369403,NA
20,2.18598621628921,NA
20,1.75562490590026,0.405316511648569
20,1.73478972731667,NA
20,2.03814815931171,0.336735126819484
20,1.74590155607147,NA
20,1.95674029112848,1.53423306553744
20,1.56311405880256,4.33461330488246
20,1.65240271826048,NA
20,1.70230836224245,0.439807642143075
20,1.71821492662475,2.68587321170103
20,1.92092649073103,2.47111955279382
20,2.00294758671958,NA
20,1.89822444125544,4.17118983607085
20,1.59915296580031,5.57630657615571
20,2.13274370903842,NA
20,1.79618830603545,1.47720510091607
20,1.98656779414176,0.838386047466926
20,1.98185251465121,1.98832469744151
20,1.91131560873681,NA
20,1.63265909585902,NA
20,1.7216880604475,NA
20,1.56412901969854,NA
20,1.5900064704439,NA
20,1.74589532428588,1.06920972390356
20,1.86872671103353,NA
20,1.45614365285805,NA
20,1.98016630927616,3.49769789024675
20,1.92770787529377,NA
20,1.93647610307342,NA
20,1.95458305083971,NA
20,1.56712957576682,0.784737843952872
50,0.971591988133674,4.31156927355541
50,1.04332766062802,2.44348011844012
50,0.878047359582226,5.76349984397926
50,0.958236971434052,NA
50,1.06357828736518,5.45431802477354
50,1.01460270506361,13.3466566437432
50,1.03799820547363,3.1388435371826
50,0.905716780569925,9.00300268090286
50,0.974369826656593,14.4182498858289
50,1.01052207686416,3.44080799695923
50,0.926276257644659,13.7517947270197
50,1.00651895525417,14.2309649612857
50,1.06814048256309,0.330533058689941
50,1.07344824059914,2.35649361555795
50,1.03227465500823,9.02174910236837
50,0.987126826335392,NA
50,0.934292234536976,8.33311543872561
50,0.882791133124922,10.5305406640401
50,1.01427435836689,14.1438302090678
50,0.836435878975338,20.7596699383733
50,1.22135500146109,5.21283940106319
50,1.00197451055056,2.82153425749238
50,0.986902351274926,5.66870478497073
50,0.974694920261932,11.6323552649438
50,1.21578155166412,1.05623360741917
50,0.974524761972869,9.15427544958301
50,1.02751779709034,15.5940763311307
50,0.879252478416773,1.94198098951976
50,0.962930921677353,1.09075926299375
50,0.999980340664572,2.73433191954718
50,1.00035418856065,4.40931964075069
50,0.902338929569157,16.5521610855478
50,1.02317618634841,2.91846386779751
50,1.08596335316174,NA
50,1.06181521226786,10.6381240687441
50,0.981599219505573,2.33546969773646
50,1.06987777453086,NA
50,1.07893649180475,7.36806948828107
50,1.08142567361792,0.74224629473297
50,0.828351249382306,6.69853248619554
50,0.890293752570925,29.5727862692462
50,1.1156875863282,NA
50,0.975407470919179,NA
50,1.09298340535151,0.343222581266811
50,1.08509325079964,1.64516290815106
50,1.12467490340822,0.452436557247107
50,1.06340623769869,8.55611532918499
50,1.01257644304337,5.14624083822275
50,1.03917273442971,6.49362108384096
50,1.05586841372444,4.56295979761014
50,1.0118843926489,3.9110200431477
50,1.0586568082282,13.089163558491
50,1.06894108448515,2.9467673355494
50,1.09096857561799,10.3771628930983
50,1.17752361800717,3.04034358901844
50,1.18113150307858,1.18045085669574
50,1.0528915534413,5.8083252257591
50,1.04988776571736,16.4791758907231
50,1.1283234898044,8.67055878859317
50,1.0009122074692,3.43452677665723
50,1.19307901203043,5.54210121317555
50,1.003641887138,7.28646655716371
50,1.24234120155956,6.47143948829018
50,0.959369018994829,1.70365243878941
50,0.844913912508416,9.00035950989526
50,0.927121735303925,NA
50,0.855881268813075,1.21520347759251
50,1.01404055991411,28.878373655773
50,1.00532010301879,2.86034790980982
50,0.989949272177672,2.91357161704263
50,0.841841701078875,3.12918547657253
50,0.897354384699799,4.2649924023715
50,1.11064539795836,4.03744189017962
50,0.908911335828877,9.83790265231862
50,1.03205982117342,3.8032196456413
50,1.09958366105245,NA
50,1.10993566021321,7.94080751840438
50,1.18130821805189,8.90121126953806
50,1.02320143142843,0.468506800193865
50,0.907439388415085,5.5088923228399
50,1.09410229453876,4.21100664884409
50,0.98150281660219,4.58203887170051
50,0.868594835192183,5.39626367804088
50,1.0843152182807,7.91472655033975
50,0.907578995103793,16.7701006804822
50,1.04996542561363,0.691174874865687
50,0.913712158029153,5.34980137520726
50,0.84020394265348,NA
50,1.02891809111057,4.4690592080796
50,1.1206487115081,1.13305048737527
50,1.0326369306394,7.81768633009168
50,1.01318068780976,4.71037733798571
50,1.01612043666279,2.25042291449966
50,1.06379886608069,0.598562955680584
50,0.933165822645203,6.18996025079782
50,0.93766198655164,2.61456965894932
50,1.02479681371898,7.51497186381539
50,1.07237223115193,3.33211948579262
50,1.07293224469425,NA
50,0.954421857843897,1.73299435763518
50,0.934790808039103,17.8751847345395
50,1.09059769106783,8.57851065406045
50,0.988272527303365,10.9744271291285
50,1.11935134441474,2.85003268713438
50,1.0176437116669,NA
50,0.953311108853147,11.587750066001
50,0.929531677956483,1.95381844191931
50,1.15100370434537,3.43433423086174
50,1.09103837572042,0.770584015262338
50,0.996195271330016,18.7750255625869
50,1.12135699575383,3.88761811478488
50,0.993066364651207,13.733318470247
50,1.05077544826691,5.54782875359643
50,0.886834763109077,4.83955439511209
50,1.0495054933703,2.90590761369964
50,0.961331411056516,10.615725697647
50,1.21217272229133,1.41814107833475
50,0.966218536740851,17.2145473130664
50,1.10877515525474,4.29150929700828
50,0.871571142650369,15.7060118227126
50,1.04270176128796,0.788599753335702
50,0.967864459258666,8.86030106137163
50,0.996925484606987,7.82173891501097
50,0.951841093538313,7.87689200555748
50,0.863258321170833,15.5883400598726
50,1.0993110314239,4.70104599951896
50,0.886568028318883,7.23610077591902
50,0.992305685682326,24.1444807216661
50,0.99449220475665,1.81378053292837
50,0.991561577966029,6.35748108437471
50,1.21174910118666,5.25934346880274
50,1.05033332381283,NA
50,1.09075443667049,5.42105148105163
50,1.016635552198,15.5096884486904
50,1.00845977313251,5.52357626116201
50,1.02650882168545,2.15892265634273
50,1.08011089395466,0.586593766157965
50,0.924348053050634,1.14124221564974
50,1.02587746251067,6.75370526475161
50,0.897543434747466,6.55635011589636
50,0.982490408683455,4.74526968588566
50,1.09477435572004,9.52373870660288
50,1.09591440725962,14.6926237670581
50,0.924036654187337,13.1395528047891
50,0.948323564147522,15.0847876851691
50,0.957412461433678,5.36872159758387
50,0.965020667327134,3.13729950391576
50,1.0929168701942,7.37660140111769
50,1.08856935109297,7.39527232965509
50,0.947633503165667,12.9711848412624
50,0.882269899904164,6.81295537400113
50,1.19550574401141,1.8309960474314
50,1.06285629134902,0.631853662269158
50,0.853829213544629,11.0790062951692
50,1.00601505261168,3.55828274332236
50,1.08490151929418,4.98680344363209
50,1.02135107134872,3.31365037806926
50,0.983923929997135,0.706634443862093
50,1.00908270053368,2.16576109341685
50,1.05268563070365,0.196841291450301
50,0.953644884041114,1.61392236310502
50,0.887179309392014,3.28829709009747
50,1.07035377916584,0.812147872683565
50,0.794813915461091,8.64044973287256
50,1.05135005771357,6.62193070209737
50,0.950478005969173,0.618526663037528
50,1.04562582306633,3.84780619539143
50,1.2304086464822,NA
50,1.0422123473839,11.4670754888613
50,1.04763570992114,3.02257261658604
50,1.03659872531072,4.20272428409436
50,1.10041714539988,11.7942365945392
50,0.94265084065055,3.62027328813583
50,1.1612599113918,1.14255139085255
50,1.12509506622755,10.6938752265822
50,1.1787877296103,3.89024994495826
50,0.995302337967056,6.10173146654848
50,1.06192758201366,20.1947752039194
50,1.07997006958353,8.6955667767821
50,1.0866340794552,3.00534776681081
50,1.04068228846728,5.6269166492677
50,0.929879327932518,5.86851808674645
50,0.992094818353028,1.46805309130708
50,1.04149385961742,11.8347621180246
50,1.12882999974614,9.78741520758964
50,0.95315270810726,1.53924273898483
50,1.04919712326237,NA
50,1.04787642239574,3.78790181977964
50,0.981304382510447,0.494705965430142
50,0.933717004944405,1.8451683170082
50,1.03981202411156,1.02229152362201
50,0.959001266194598,13.2353066238341
50,1.04852135191852,0.242022700478266
50,1.15408388647586,3.04565965471679
50,1.04942228301488,6.29819669360823
50,1.0334324569641,2.10767897326368
50,0.984573355137702,1.61481775324718
50,1.26340006740882,1.65783569835516
50,1.11350588476643,6.0022217674981
50,1.01929275923743,9.70984027123261
100,0.668979655900949,11.7788203384202
100,0.670482089110889,2.36958846596288
100,0.689500638670302,18.1795680451076
100,0.736436033889555,11.0167286790176
100,0.687313653477292,36.6300239956719
100,0.604647106293091,11.1499805991659
100,0.718958881285407,25.8980407275043
100,0.731571357619307,13.160475095076
100,0.631320390076533,6.79822667099661
100,0.700652900886375,14.2163532493543
100,0.714987329323075,11.502406057795
100,0.619015033306822,9.88833431982044
100,0.678479923162018,12.4378797464925
100,0.616589005064523,6.17134582458008
100,0.656444165250036,16.5717353123364
100,0.7217294507762,16.3912302948207
100,0.774821682993405,25.7719486178694
100,0.718719052323902,2.08793882190546
100,0.762806375602573,1.23304865274896
100,0.694595590927967,9.66487525116781
100,0.654405185836793,21.5806166501638
100,0.707157648909872,3.8800806130052
100,0.705039954960353,7.32539623905447
100,0.741981055232647,6.44712486856801
100,0.646019371084156,6.39862579381424
100,0.740151820718854,12.1561458483765
100,0.668379334798016,22.0212737195414
100,0.693476352291275,14.6293008120604
100,0.671703820902243,5.09115956689691
100,0.686566158881974,15.8776800877119
100,0.672638191779022,3.12518178189505
100,0.637287521545085,14.243667689687
100,0.711414997260786,16.7609350847745
100,0.71184319617867,2.08093984805905
100,0.633477030624597,5.834196933164
100,0.752021829269363,13.5465689316236
100,0.657991289006702,16.9377607812389
100,0.725528010965192,9.04089230944184
100,0.727191442398625,5.45647634387699
100,0.657278323563379,4.68814482502552
100,0.643804941320092,17.6644955867475
100,0.759079673638593,15.6493668294544
100,0.711423577510195,10.6087583042039
100,0.681830906595669,7.40343979480277
100,0.68576411639934,15.1688502441311
100,0.730250508108864,22.73796490764
100,0.629887113070145,20.5523128446744
100,0.644331261394473,10.3897670500582
100,0.702281582442275,4.42788417882799
100,0.690078270627831,2.78973454372036
100,0.727285963381799,7.94664416883735
100,0.665105605689187,3.69457277871403
100,0.710706119278403,7.33955843995871
100,0.761283075034064,4.59105272866942
100,0.727604116981787,7.80407880569255
100,0.651498528594115,2.96842825100453
100,0.670402765403498,5.08827720982137
100,0.76977508664861,1.89064035860838
100,0.695396559722505,6.86413113960346
100,0.659370228396447,2.93353945167821
100,0.700821602014622,2.57858730197085
100,0.812371724566092,1.68775719607753
100,0.726816024030617,10.0045677786257
100,0.686674448856433,9.64843001161304
100,0.640390399512958,3.93004721507851
100,0.70855871914963,19.8137054784352
100,0.652552022575191,11.2072462850233
100,0.660739813544886,17.7704648014592
100,0.730859229356493,31.2939509582975
100,0.602401023352233,5.05582666654025
100,0.730722890591859,13.3228084195863
100,0.675217042253002,4.27319402293369
100,0.61215749645533,10.5273769364434
100,0.710395830221198,4.16617841953583
100,0.661996147431045,42.5882936699483
100,0.782358293277866,28.8608905993353
100,0.683113936581291,14.171875956493
100,0.799697511913712,9.18960878699901
100,0.740293743976238,6.14180008459598
100,0.739575646105591,10.4853798347714
100,0.735297936946315,12.3592224414031
100,0.716701767459364,12.2867906636512
100,0.726923690082161,8.56188041443805
100,0.746556516380792,8.90164682485705
100,0.741919416588025,15.1753653763736
100,0.663401714475898,11.3983265680891
100,0.63660279391603,9.9111010921882
100,0.584468294461722,10.5345037939202
100,0.567347283526783,9.81273416447509
100,0.69929981032896,5.44541210612352
100,0.725671645162427,26.8332693430901
100,0.618118416732764,15.1149551356809
100,0.775977920867127,3.88553704576681
100,0.624411064946739,29.4444589255838
100,0.611759980760083,23.6616688408239
100,0.635937552894663,20.3383879691569
100,0.679191463653812,18.8811976518346
100,0.628432399165542,12.0952922200154
100,0.690952667895407,8.44323870746382
100,0.664908377425076,9.84147439027493
100,0.646598906281141,2.03145277856411
100,0.651253140321205,5.69670626294727
100,0.74228231108153,6.14906141424416
100,0.69695988110676,0.794341865397847
100,0.679636363657736,9.26858622557238
100,0.730150762902256,6.50450166020468
100,0.723828311682772,2.07339027735677
100,0.711639320228742,4.90288089002526
100,0.599235471236512,41.2112826442854
100,0.701447047135256,9.87491019062533
100,0.693554780428474,1.14036842656851
100,0.647052241323722,8.82323797352883
100,0.709668080297686,6.852088814918
100,0.73284837218276,9.18082549244027
100,0.714738632762568,1.07313544392861
100,0.740206366944018,18.7159065672703
100,0.768509006310871,14.330743996255
100,0.730511507761682,5.79623135586765
100,0.682034879165265,1.71638149816611
100,0.660360680382042,15.5974817657283
100,0.594959169286565,20.4842485400348
100,0.734261318179271,4.64621462516809
100,0.625911361054922,22.7567037048448
100,0.572423391312544,15.5223712159303
100,0.659073600433391,10.7995168186581
100,0.667034546136413,25.6885456870199
100,0.764304570957973,15.8504026869164
100,0.737226278895978,14.6854669280892
100,0.616638442766123,9.30826499442346
100,0.754557651174586,0.892091481345972
100,0.711782670429356,6.09679660561081
100,0.671458238680318,3.31957024614271
100,0.643551015630165,13.905244701231
100,0.678485712429241,5.29871112591899
100,0.730916821236718,4.35468975994313
100,0.667500315406345,6.38652431664176
100,0.697475520118429,0.719017208482121
100,0.775157615512494,3.57169780140521
100,0.669373309835029,16.4325106452872
100,0.617679245449978,13.0078866231045
100,0.653180615927497,4.11669849907054
100,0.68062728364226,30.5551848279179
100,0.695395110169214,2.8996404711872
100,0.651305514308989,22.2027349551125
100,0.701703646972258,14.1199591642664
100,0.76761725236906,4.96282683508742
100,0.644314259094054,3.51252992440135
100,0.713294907835979,13.1017996816256
100,0.672355068720666,24.2532574292477
100,0.698037872326455,20.8150333317271
100,0.62030838288269,12.1317575613643
100,0.691286495467383,21.0882278269451
100,0.671733986509508,14.5225177179377
100,0.751708694735403,21.9194911767259
100,0.746342749084171,12.2624721950604
100,0.712646340577628,2.66299917792495
100,0.714135558486198,3.15090540561617
100,0.719721885948675,14.0336425131646
100,0.769176801988223,5.87343748379947
100,0.719762265108258,12.1209242904075
100,0.897829460285705,1.10456534998054
100,0.748317814988329,4.49891302721151
100,0.752869609063109,4.67462053260249
100,0.733310176590202,13.4564494186306
100,0.711047562504405,26.2471795194427
100,0.717297512109457,1.00381994369176
100,0.699327868648423,17.399770137747
100,0.727330432869231,32.7592838964907
100,0.630858671459506,31.8675551083438
100,0.74964678109941,10.0270085135399
100,0.630256752596094,11.765314459533
100,0.685057090962246,12.5476239631727
100,0.820221242730336,5.05119992340514
100,0.852270637796686,17.0587168894174
100,0.776293467066854,6.89876730397618
100,0.741258206922162,18.2353297158834
100,0.69348120590447,35.4445990747098
100,0.655054926286673,21.1180335163961
100,0.660208064221779,4.71733861687987
100,0.693395349225122,12.1902841514757
100,0.754788156696988,17.250688817129
100,0.732567534694556,10.0247308497933
100,0.656769186564084,23.1725697408618
100,0.797126641424536,4.83437841596215
100,0.719726165405566,4.51176794848488
100,0.76178552017201,2.15872014712371
100,0.683342745534778,17.6446096575826
100,0.727689977697382,9.70903012144772
100,0.630181357432745,24.0844481727894
100,0.618852691385881,8.90192015961242
100,0.732521230305894,8.53611484796461
100,0.646204661980248,9.0536116224414
100,0.754422335556258,14.2719418054634
100,0.637453067820482,1.53757326452675
100,0.749418126184038,1.56554658264915
100,0.642383845575616,16.5794686247496
100,0.666459153447589,8.21717827761093
100,0.653688462985866,14.8847294906187
100,0.60989994190531,8.86627803768806
100,0.733065097898788,11.0659028551039
200,0.409758458277116,11.1861102989789
200,0.472025102511687,3.05219406483003
200,0.452877181157769,1.76591713509398
200,0.515451738121975,27.8759700187865
200,0.443499791136631,13.3757489909464
200,0.47369976864113,15.8791377633439
200,0.540788908222432,1.59785439460601
200,0.548413746627044,15.3956851371371
200,0.52921918928179,11.6636400513685
200,0.509963718863674,3.22113552940573
200,0.521573476385332,3.86231564925901
200,0.459535719577132,40.558433104596
200,0.476418045825746,20.9931564941226
200,0.511306839281121,18.2642352265246
200,0.469747497301743,11.1439206614228
200,0.475940602199937,16.9337222122507
200,0.463749259668699,3.67493550643771
200,0.43410133944888,1.36992920668347
200,0.463806343627961,1.70927638198781
200,0.475109537947656,26.9478808939938
200,0.49334113917072,18.6328458279887
200,0.497192639833594,47.1011197343186
200,0.467871424873007,38.7945292958613
200,0.429771135088408,49.1590147202176
200,0.451615727626206,28.7909899017211
200,0.491185085153995,7.37922196349587
200,0.498678153412745,3.302750386538
200,0.485490269016534,21.5528431407429
200,0.473159451824121,12.054436982828
200,0.467194962199602,4.71100508242038
200,0.492248862028906,15.6235229070804
200,0.510550158769239,14.2854037519387
200,0.490098592562574,35.768622027003
200,0.426960664627534,68.394461980853
200,0.465845138723103,18.5945186317544
200,0.479827490792585,17.2040663857815
200,0.436894818768663,4.79125383850422
200,0.441636889433327,13.4707588137735
200,0.529677371061558,2.27848611853446
200,0.560408738642402,5.04869931353749
200,0.461249924331582,13.7153446364981
200,0.50496197267362,5.75512106695535
200,0.480353841357966,20.9101499125335
200,0.489445656478169,16.4624710728735
200,0.487981902694695,19.5974102353292
200,0.482282900570042,4.59111684391596
200,0.38964502080771,3.88692188021732
200,0.499923857468904,11.5654009430274
200,0.477287648714357,39.0001401039357
200,0.42709123214971,0.572771359734718
200,0.531761445609954,3.56970763275984
200,0.494186479424731,6.86742412139062
200,0.489271025319917,12.726495478444
200,0.518537666405633,8.98281810500778
200,0.432255236058686,4.68586943955959
200,0.475333774068098,19.8091551468673
200,0.473604844609747,48.6191942005996
200,0.443748790677622,17.9849652323238
200,0.516248149638291,7.17411632233313
200,0.425039801125383,38.727264384752
200,0.448512130629169,35.1006385738633
200,0.430063665622764,14.1905066391859
200,0.426585828026463,17.3207000781057
200,0.522590635393387,6.56528521783954
200,0.439874749437607,2.53792216856581
200,0.493346931476883,20.1134603518356
200,0.494146206669066,20.0629018797137
200,0.490744110223535,38.1110820873079
200,0.535167453519137,11.9238104053016
200,0.417642501627619,16.1234439532351
200,0.578201295426897,25.7117337542172
200,0.469242417731108,18.9078337461119
200,0.434512093274716,36.2775122603886
200,0.488221135396832,23.8462127728891
200,0.434003640316235,12.8157504955393
200,0.525742513451327,1.79174469600988
200,0.453182720131779,8.40877432035856
200,0.466000193208047,0.805458237543003
200,0.469234197013297,0.424310542707262
200,0.509062169894737,9.267825312848
200,0.495518518648543,0.922480995341634
200,0.432450135446209,4.98798161312217
200,0.507891114896496,1.49706315936456
200,0.477995810364232,2.77331398990744
200,0.442239525598575,6.92882449621492
200,0.458310994123382,32.8826906497698
200,0.486772562258995,45.5690868771221
200,0.501498484257184,10.0408588530265
200,0.457889469655723,30.0150639003444
200,0.460699417929633,18.1440787101317
200,0.540123181850717,29.8910032409625
200,0.46048469947399,17.319311307753
200,0.493581788821619,21.991682516239
200,0.478074285442983,52.1609463797199
200,0.487306946293349,37.9245168294273
200,0.484717452625658,28.5749800483511
200,0.551678572625243,9.04785214731558
200,0.492421479168504,26.5403008409686
200,0.46021819311059,23.2539338473133
200,0.49748524218682,32.5720319495704
200,0.456897178956548,16.3039264073158
200,0.432963291136672,2.82155055804477
200,0.492436456760806,36.6588793139104
200,0.524394121338308,8.37584173674619
200,0.4090955913169,4.52927463526576
200,0.463698417520252,9.43016203884682
200,0.466005066904279,0.832343989059719
200,0.529801512987512,8.0482503505785
200,0.502057863897826,29.5614818390494
200,0.480214478635734,16.1374201994659
200,0.452633480100841,4.49381092380199
200,0.455642926408348,23.2451052484111
200,0.417795994517376,7.05181642439557
200,0.44878730310787,3.84976639917088
200,0.484437683393506,4.94256255700291
200,0.494754501608927,6.98521296370259
200,0.492822081271814,10.4697341546103
200,0.433733612393145,3.82941612305073
200,0.491776494333961,8.20485376545933
200,0.491760597237713,45.2958620901611
200,0.433606709687301,31.8636969408555
200,0.457710890704359,22.6494767435198
200,0.438003500328434,18.6313700192986
200,0.517247714546373,43.4325238703553
200,0.42838307560645,8.9675247625081
200,0.474045210178409,9.61147910423165
200,0.51455904975374,18.3311306055605
200,0.483877372675159,33.7827916432737
200,0.467504542405886,27.758031435144
200,0.462345736548346,17.6073433219682
200,0.484141518657172,7.4957464953157
200,0.480352841482497,22.6002752403775
200,0.507306420225143,1.00918087747977
200,0.46476911887191,2.21090627252125
200,0.447444852363735,43.9529266627101
200,0.489473178054799,12.0192529452412
200,0.496048821396122,12.1361904120344
200,0.425933603564195,17.3521748705586
200,0.486747332538473,1.90548653216868
200,0.426727781767325,1.19651300146986
200,0.454163285134369,2.91819961075958
200,0.496434383259445,19.8307111373558
200,0.449940728058657,2.14818739775042
200,0.421551511032545,12.9688951555656
200,0.557636240355703,3.89904433278596
200,0.471711273803558,25.4539696624306
200,0.465330353032493,15.1562179405915
200,0.475186804821814,20.9619165793318
200,0.48638718986558,1.97658101970682
200,0.526406616722864,35.6120037631299
200,0.481998410557542,4.85080341718501
200,0.45667380320783,18.8458476993126
200,0.454981885690949,34.1934822571881
200,0.470424123355987,4.02151966699489
200,0.41952959559089,5.65342658027216
200,0.522877191610236,3.9656492573602
200,0.464030453765932,10.9783547476037
200,0.469040473621513,1.9712841513389
200,0.485995912756167,15.7627870057182
200,0.453417685887336,21.6570998007641
200,0.490539412497281,21.1465282464482
200,0.411298154253284,0.779456212793873
200,0.454239184809784,27.8224172205853
200,0.537109465129114,14.0462194888346
200,0.4748196454722,61.1226944418029
200,0.456740830653652,0.519346615138089
200,0.454741730800325,7.76562481269496
200,0.422801771230535,37.7727582863621
200,0.491495579855399,1.4386465410005
200,0.534499264454951,39.1052976642101
200,0.520867439421926,24.8531631242391
200,0.446113831436893,1.46417589760145
200,0.488799092080323,16.8162921586767
200,0.498685482730492,0.791189245057337
200,0.465804221693372,6.69870422509864
200,0.497721816424635,25.7136319028534
200,0.490188108634386,31.1688075627521
200,0.455983721816853,2.20513189120586
200,0.465523976128263,18.9199558773331
200,0.489785361270022,5.97151422407772
200,0.458648327028591,5.94406265785463
200,0.466571950442307,18.3887415887726
200,0.494211858097341,24.0597538097156
200,0.525164112059345,29.3817755007374
200,0.542501310815405,9.77380069785342
200,0.473216170358856,8.84890451123203
200,0.451262586656118,23.5776907735775
200,0.480069771375145,4.02942734042895
200,0.456908744022873,1.84731910284169
200,0.418089157558795,21.0581446964673
200,0.514802541025286,4.54665143843989
200,0.443848868605925,30.0654870460244
200,0.520184961203269,19.7234273199492
200,0.488379786172207,12.2391620806833
200,0.49067511107427,4.75288961003768
200,0.441473363338896,34.6663582288584
200,0.511921300343025,7.72247238220065
200,0.488683192631521,9.5256450623188
200,0.430088808729149,2.91932134328506
200,0.468032090317153,20.2835886866543
500,0.285111362396781,31.1895538703022
500,0.329938793987212,22.9644946743061
500,0.247800008791311,21.6794147654451
500,0.276730798359997,22.3351885750591
500,0.306894273047633,12.4688552754537
500,0.27573914208172,45.6074752666152
500,0.320138093068583,31.9379602202793
500,0.295060097212548,14.124673634712
500,0.325995773684673,39.7589285880273
500,0.299708987018316,24.8334515534182
500,0.349619472658132,13.9587672674215
500,0.289143975502181,11.5110471090838
500,0.333066320128452,85.5864502696479
500,0.326710578402752,39.3773229738306
500,0.263673896449966,49.4831483918334
500,0.315954438578939,22.4861892425637
500,0.311518071627297,26.7563422398092
500,0.252536344705457,5.29046167467705
500,0.302430467558542,4.41582242915956
500,0.296910987744493,37.7949070184588
500,0.272689975787477,40.7451004841013
500,0.279597027206499,22.0359251474826
500,0.277161248504025,35.3088500802987
500,0.30441085751868,3.58473041564586
500,0.295930340917378,15.6015629190956
500,0.330837285471433,16.5223947226012
500,0.30780947812071,13.8600483508026
500,0.281476610332977,34.6141463443344
500,0.32858783868271,5.17892420111051
500,0.311624963655314,12.9728596925351
500,0.342479512147355,31.2649967240481
500,0.30154716665376,0.68782511744812
500,0.315045135593219,2.15755273023338
500,0.310718291694425,22.5655774333291
500,0.270605877513692,79.0783554189568
500,0.25576693813709,4.18896362515175
500,0.235223903603397,24.5876686523679
500,0.324707068234515,32.2043633062009
500,0.270354837663952,20.2581138599676
500,0.315617116003584,21.3282043001871
500,0.325766928823701,25.4056563979569
500,0.318476546544115,33.7406618045582
500,0.270636827954667,53.2360569590541
500,0.254859161952677,19.406383308385
500,0.284746756235649,68.0355314264813
500,0.311171838490496,75.9094786038782
500,0.31230673071225,9.30646873958588
500,0.306412698111699,59.783773418024
500,0.281481309052758,49.1390143855634
500,0.336899465972007,35.2822480816889
500,0.303929539754886,3.72584078739629
500,0.320787267158892,53.2488438825311
500,0.309398065662869,48.9050910500989
500,0.283528443285101,2.40710304814668
500,0.306988601367531,8.00422659620129
500,0.299901391274873,53.8238388415815
500,0.288259368395547,9.55649954341561
500,0.31316850861857,54.9421169228368
500,0.320968653833534,2.56182916670218
500,0.309298163865219,32.9565303789099
500,0.329207837344108,71.5911662207434
500,0.320484721665885,3.36876354098968
500,0.303588635949908,41.4698728686177
500,0.293929170174548,56.1497803050074
500,0.304316980365368,34.6090351890235
500,0.330348014028922,54.3661150588056
500,0.289734125816301,2.01327011641441
500,0.322810045488039,4.31474954235573
500,0.308739649949482,5.31708829587651
500,0.257248807340013,1.76565363821083
500,0.305445656709022,43.0816235181472
500,0.298634184861428,54.671661305592
500,0.344460463085133,1.91066517820545
500,0.29989796788814,66.1490726263065
500,0.305164842439602,25.3948669607004
500,0.322551406406451,11.2504656806571
500,0.297517774742684,9.68248057459888
500,0.313436580568614,113.440772549657
500,0.301164053836207,20.24823520147
500,0.318433056890654,21.0665134986357
500,0.291553417939879,6.85874442958809
500,0.257326046219205,62.8474086306892
500,0.341721127358961,3.48997245742975
500,0.291557027303328,161.283107814296
500,0.289188125157779,6.03731634367408
500,0.334841165385624,28.5554385718597
500,0.306024686054413,28.0855573279356
500,0.304735370188882,30.5888384278388
500,0.275122888085883,7.01299731245764
500,0.326415661030496,12.160965454607
500,0.282216233394588,8.1113570210848
500,0.264837639909458,40.0929758905084
500,0.276282857799616,12.6232167767567
500,0.306441237630693,5.32644431547668
500,0.277861460485701,10.8500733432695
500,0.316056721095514,91.247335618503
500,0.347645282624143,49.3789385506524
500,0.29627975875263,1.48954159023692
500,0.301737658841346,16.957474045341
500,0.298048939994194,8.67094904139448
500,0.308638474067568,15.5839285814111
500,0.307945734226038,53.5011355836503
500,0.273716949327676,78.2956586680088
500,0.292190701930116,51.6414250184427
500,0.28386620617555,24.8026026947298
500,0.314065984728593,38.0723339500155
500,0.311223108038145,6.92522747398273
500,0.298587822078148,27.607893596661
500,0.270043025486355,60.0142430965855
500,0.28702403549784,15.3144938719218
500,0.318177805951806,100.693930660997
500,0.309915209184632,63.7676040520291
500,0.289309095404646,46.3616499752255
500,0.308826569109123,55.4610564643361
500,0.301913994566293,11.8705312799417
500,0.329550356456202,41.8500540656777
500,0.294087164310377,49.6894911513069
500,0.270490511611371,17.5871615629841
500,0.297041246510758,2.50363232316254
500,0.2790761065034,33.1769895389305
500,0.304920446507968,10.2888105446467
500,0.295330273976825,10.492525933049
500,0.34590046035342,12.1534539296147
500,0.289808174445816,12.3862985287407
500,0.313971522504757,29.3695651382293
500,0.310121214502799,9.27810510864093
500,0.316402805075302,14.6610562283938
500,0.306830861859535,3.60216042345186
500,0.344902711956934,19.6379351426486
500,0.295383881998288,31.1591377814105
500,0.300264071108003,18.9184629499021
500,0.310618002782203,35.8894282306463
500,0.291557898751659,6.67999717375094
500,0.292964992001733,84.1461021631726
500,0.286087056016606,40.7847826656864
500,0.285659210084849,26.2528324283856
500,0.317744772314749,35.6265818400443
500,0.312825988346217,5.53745811629716
500,0.281457801582648,3.0832242641105
500,0.288946180640253,1.81355283893896
500,0.317429033166877,34.0913804553081
500,0.293162033182845,35.434742188596
500,0.288253360841558,35.8785414499003
500,0.315156482968701,26.0909545834472
500,0.31101043416807,49.5279455102585
500,0.280235609321239,33.8618066678959
500,0.272702157196531,27.7411582955582
500,0.296586616601597,11.648407163651
500,0.299340692891566,20.6187329135644
500,0.280624711737041,7.34850202821697
500,0.294841115293054,13.0885440047156
500,0.321644737800332,77.3255199208731
500,0.319524848391087,60.0053411187791
500,0.282775455414996,17.9713168306232
500,0.309297460379822,4.89423872023947
500,0.298771629583907,12.4934007105098
500,0.317832680935064,15.5088952729275
500,0.350661033345388,58.8490206033402
500,0.321794506403666,24.1805409576702
500,0.281960825224978,36.4749345867401
500,0.30681330678248,12.2209336614398
500,0.301561728925151,23.5974264226421
500,0.3129014909194,16.4905872788235
500,0.283985314363308,15.8076352305115
500,0.297098994479613,39.662585257893
500,0.318661648182727,13.4973840533943
500,0.317962593195502,43.7125845494159
500,0.331499621915362,2.23464911684209
500,0.305671597418707,113.507917906876
500,0.299747155201831,16.1158491228703
500,0.280107691407791,28.5941406851618
500,0.30221385238859,42.8879213160838
500,0.280701736804615,2.83855257667831
500,0.284010898465339,7.68211798662501
500,0.309767200933597,42.4947595252854
500,0.297999387704794,60.9484239989363
500,0.289883072722335,26.1989414280549
500,0.263938594608201,16.4584957441974
500,0.282381136483903,21.7245351627993
500,0.24936020957666,98.1568512705765
500,0.315553114615796,65.5101440864765
500,0.319869590405418,4.00045233813833
500,0.285104640850204,60.5198383851438
500,0.284082626639309,7.45282253344119
500,0.294736509523078,30.8887601165523
500,0.264287547119805,75.0572052701362
500,0.28907896794347,7.00204272218242
500,0.312089401825495,5.26826252247893
500,0.30334467074045,64.5983465719414
500,0.296644233102885,2.26634785231509
500,0.323222860697693,11.1435064701061
500,0.301244472676368,39.5835676230584
500,0.286865912779053,20.4700192077131
500,0.290847554697416,17.6527359534318
500,0.300806058581571,7.5488713763104
500,0.304946129454581,34.045054170337
500,0.287947487400887,58.9773017584929
500,0.306875529038492,18.7752911947723
500,0.304843829878749,36.0052180719298
500,0.307328352630369,0.502584594849373
1000,0.241682814838902,45.3623788098421
1000,0.197206123253722,36.9330388893724
1000,0.217961848364289,20.1487760811545
1000,0.215729594096915,32.5323383412099
1000,0.189899759089367,16.6463365901695
1000,0.214993251237527,40.4895779347242
1000,0.228014848834508,2.98656382558035
1000,0.231921180453295,14.9114454403024
1000,0.216684464634205,34.8022309119126
1000,0.190884968684691,6.3972274590019
1000,0.21193529034531,18.7451744967651
1000,0.228574668301828,67.8681839189441
1000,0.199590898773584,31.7932974411679
1000,0.208959458175348,96.6539101400606
1000,0.199529696259782,44.3881287706804
1000,0.214235767515863,42.4060698564603
1000,0.231429092519719,1.19838939136887
1000,0.197448363071767,26.2314649205425
1000,0.215118159961597,76.1762372293365
1000,0.235849335778828,19.3269988223056
1000,0.202281173141454,16.5595327159513
1000,0.186628177931827,7.09889387881781
1000,0.215316336036411,43.142556609613
1000,0.213168655041714,34.2037727866889
1000,0.239711336580204,73.1443548388199
1000,0.186742583837893,26.7385767363251
1000,0.218981317374644,6.50930122060392
1000,0.213944858826947,51.993995859564
1000,0.183422371778749,48.7138164134376
1000,0.235232860993542,35.7866596764387
1000,0.202177194213279,30.4183626163802
1000,0.204755839333233,10.8330168148395
1000,0.222654853829938,7.02294980308715
1000,0.210159646067001,39.0871282444158
1000,0.204070907293658,10.7806072955637
1000,0.210985647955735,59.1345225045579
1000,0.224860615031353,52.6435522752732
1000,0.219108930193278,35.6567151066149
1000,0.205774156326126,58.5544615512922
1000,0.218021950192009,40.7358345547553
1000,0.188901913604778,150.790240131545
1000,0.214731191187041,80.4228134886382
1000,0.226076690062661,54.5104377656529
1000,0.23182841071567,116.432252232067
1000,0.195784047671638,110.982412789814
1000,0.205064801287955,153.72532827616
1000,0.212295902471208,32.3639009183637
1000,0.190427449460298,27.6126319887427
1000,0.19782356209513,40.9941923884123
1000,0.22960711147258,18.4102103066193
1000,0.231438150704719,125.740891817122
1000,0.202161547709394,46.8188025765634
1000,0.193440603997282,39.3717364917165
1000,0.184652145353515,5.68382300358626
1000,0.205697231464123,19.0687800014103
1000,0.203817359055261,31.0120574699308
1000,0.23357535807945,38.9432671264142
1000,0.206610107174371,1.7044421880445
1000,0.191274101869182,23.1981672587699
1000,0.203291839554222,27.478352642097
1000,0.214009859802181,24.7891014880498
1000,0.204375832097738,21.2437125170341
1000,0.208276892977271,53.5550776013529
1000,0.21999645387415,83.4366810005728
1000,0.171245346326377,20.5250907490529
1000,0.231551443237362,1.91930480464685
1000,0.217249876885011,21.3288797546598
1000,0.199544683065989,114.959508052671
1000,0.195895825382889,21.1694831074678
1000,0.214955455243408,1.95001534566349
1000,0.191872524419642,137.886717856627
1000,0.207141546593662,9.16105969310379
1000,0.201210811347352,74.4993265527165
1000,0.20226733420407,45.5882313225267
1000,0.198845516366798,38.1058538138362
1000,0.209152023258251,62.8695916263316
1000,0.216571091136942,175.184665856103
1000,0.234218885994067,82.1541219882646
1000,0.203719311936389,69.2458085455182
1000,0.226081433663747,13.3405542566141
1000,0.223343202856599,2.28029033729723
1000,0.217090951409379,139.43816389505
1000,0.186339379012035,54.8184664731185
1000,0.198452334372794,2.05531993298855
1000,0.216094374438592,3.9602695703308
1000,0.250000586026647,4.63854702722518
1000,0.215329128138279,6.00392418587654
1000,0.183718414984524,0.704630987689727
1000,0.208131690756657,4.54496413496038
1000,0.171844977990954,35.9632545381007
1000,0.206291102225864,20.5858459352054
1000,0.21617710699239,23.6061124539475
1000,0.223340904398579,15.1373632652899
1000,0.19628460626848,1.86266838608892
1000,0.210412990228041,14.0339772707473
1000,0.205500734984726,58.7094245317073
1000,0.202447163051243,69.7867339371929
1000,0.193769451779253,85.1002221892375
1000,0.163289249178328,20.4574504469295
1000,0.220707153707528,14.8818818591141
1000,0.200272181724362,55.3975888940737
1000,0.211401768802069,1.94799068779905
1000,0.222308175525984,31.0526897405809
1000,0.199143573024601,112.709979242328
1000,0.207121378638308,25.2835264770072
1000,0.234077225064351,90.4307236900934
1000,0.196384383864572,17.8779842317262
1000,0.230258387233001,29.7271526799421
1000,0.213617793971913,2.67549143379108
1000,0.201073308962888,47.3054015123279
1000,0.216311694089839,15.3452255638296
1000,0.233650961099742,29.7227548898785
1000,0.213021110362169,33.3922276200611
1000,0.211342175802773,21.404527283201
1000,0.2214930667946,20.9967407917241
1000,0.185544654423825,3.92238708622669
1000,0.223107471177812,37.6924880258566
1000,0.180138366919891,29.8125458199567
1000,0.213156511594444,69.4834324291687
1000,0.190997886293778,67.2259450433775
1000,0.215998681274461,12.2198603837378
1000,0.208413597577065,40.935390807164
1000,0.197860983764244,59.6259775787127
1000,0.207978779851342,16.3371487776946
1000,0.203412473658087,6.52617116025916
1000,0.199667867530336,11.0108555604815
1000,0.217124600466468,126.615560720606
1000,0.206345208317423,5.07216405556038
1000,0.174746990377412,25.0562412479841
1000,0.236471554130659,90.0720747264248
1000,0.20706225390161,4.41082665882774
1000,0.226935876309481,3.87169488404692
1000,0.204110485609228,2.0630565400834
1000,0.22892717666001,13.7043410319674
1000,0.201524603351399,5.15320171792471
1000,0.205659697007084,17.0594784612302
1000,0.198238145234544,73.2596661571269
1000,0.220541068442035,20.2038966001078
1000,0.183239534551143,27.9514317191371
1000,0.204488737073736,50.7110759997901
1000,0.218101043492821,32.5878301813473
1000,0.203650983103317,26.6469312014329
1000,0.202735663793468,59.8003876982735
1000,0.19713346040644,8.82255696687497
1000,0.208477409596771,31.3443798981938
1000,0.223173365741323,46.1370886584448
1000,0.202621733537788,10.2549506000079
1000,0.214555666830063,27.1063121696638
1000,0.211840811819137,14.2358297662173
1000,0.222358033379389,33.137252777639
1000,0.223359666958099,64.3543866386298
1000,0.217093624792288,31.3642486177995
1000,0.211246369265694,20.8532837272885
1000,0.221570260378878,4.20541281066582
1000,0.208400484260164,21.7121506379809
1000,0.23004515526735,26.8959941564184
1000,0.230050121036422,3.14742143337557
1000,0.207647002846694,30.131825190615
1000,0.224452613884264,3.96048797113494
1000,0.223809890435873,8.10473871013779
1000,0.193325178730652,30.2827133900404
1000,0.220006919777259,13.7803270504791
1000,0.209768170624091,31.5842935268058
1000,0.219121901738639,6.1457550286208
1000,0.191317135076418,27.1364145978769
1000,0.216566843338115,59.2908410958614
1000,0.213553203519729,46.0766950701648
1000,0.222813411919557,13.2228368913158
1000,0.190761163769791,4.12953624374743
1000,0.229715990885001,23.5816641672389
1000,0.211398735246666,31.953546426499
1000,0.194979408983856,28.3085796034718
1000,0.208236074314909,6.99390626028619
1000,0.196186596165484,69.743967348913
1000,0.189137143071897,101.571827011359
1000,0.204535230049977,18.4782337138612
1000,0.193258966130406,15.0586630695324
1000,0.220828611788218,30.1083710036099
1000,0.234825687575478,41.3539586894976
1000,0.188897216457574,52.1569118093138
1000,0.20180430303595,26.6882429992684
1000,0.197172926993639,83.7754630640477
1000,0.181684645674854,120.246017023412
1000,0.1989759045609,15.2321143374529
1000,0.206915358087115,54.8176730357972
1000,0.242236235956968,11.581696337914
1000,0.199413374039561,4.5649397353127
1000,0.211530322750205,47.9908321040348
1000,0.202692709217975,5.75970925064497
1000,0.21959955641937,4.46256096049554
1000,0.177131434133427,15.9684230203117
1000,0.209044872960605,20.8152568446827
1000,0.208230456853479,2.12761515550167
1000,0.183339798630768,33.6198028671058
1000,0.200003465862348,17.0090143593643
1000,0.220777511739112,14.1621581485666
1000,0.199722623087291,48.8061065363725
1000,0.249465189920294,28.5135188723202
1000,0.200645643552177,21.2941630346098
1000,0.198911225851528,62.1489893474743
